Zipcode,2017.Poverty Rate,2016.Poverty Rate,2015.Poverty Rate,2014.Poverty Rate,2013.Poverty Rate,2012.Poverty Rate
73430,6.8,8,9.6,11.1,13.8,15
73931,9.9,4.8,4.1,4.4,2.6,1.4
73949,12.5,11.7,8.3,11.5,9.4,10.9
75001,8.6,8.5,10,12.8,13,14.9
75002,6.9,6.9,7.8,7.9,7.1,5.6
75006,14.8,14.6,13.8,14.7,14.7,13.2
75007,7.8,8.5,7.4,6.9,7.5,6.5
75009,10,10.4,13.7,14.4,12.3,9.7
75010,6.8,6.2,6,5,5,4.2
75013,2.5,2.7,2.2,2.4,2.5,3.3
75019,4.1,4.6,4.8,4.2,4.1,3.3
75020,14.5,16.7,19,18.6,18,18
75021,15.3,17.5,17.4,18.2,20.8,19.7
75022,3.2,3.4,2.2,3.1,2.7,2.4
75023,5.3,6.4,7.1,6.9,7,7.8
75024,4.6,4.5,3.2,4.4,4.8,4
75025,4.6,5,5.4,5.4,5.1,4.7
75028,2.5,3.1,3,3.1,3.3,3.4
75032,6.1,6.2,6.1,7,6,6.9
75034,4.5,4.1,3.8,4.5,4.8,4.5
75035,3.2,3.5,3.5,4.1,4.4,5
75038,15.3,16.3,16.3,16.8,16.3,15.8
75039,4.9,6.1,7.4,8.1,6.7,7.4
75040,12.7,14,15.9,15.6,15.7,15.2
75041,24.3,21.9,22.7,21.2,22.8,19.6
75042,24.4,24.6,28.4,28.8,26.4,23.5
75043,11.6,11.9,11.8,11.8,11.2,11.5
75044,10.8,11.7,12,11,9,7
75048,2.7,2.6,4,3.9,5.2,5.5
75050,18.6,19.7,19.2,20.3,19.4,17.8
75051,20.6,22.7,22.5,24.3,23.9,22.4
75052,8.1,8.1,9.9,9.6,10.5,10.8
75054,4.7,5.1,4.5,7.6,7.8,10
75056,6.3,7,6.4,5.7,5.1,4.1
75057,16,16.3,17.9,16.5,16.9,17.5
75058,7.1,11.4,9.9,13.8,15.6,12.5
75060,15.9,16.8,16.8,18.8,19.4,19.3
75061,19.3,20.8,20.4,20.8,21.6,21.8
75062,15.2,15.1,15.9,16.4,16,17.7
75063,7.3,7.2,7.1,7.3,7.1,5.8
75065,7.9,6.1,4.5,4,4.1,4.3
75067,10.7,10.2,10.5,10.6,9.5,10.7
75068,7,8.3,6.8,7.9,7.5,8.2
75069,14,14.7,15.2,17.1,19.6,20.5
75070,4.3,4.7,5.7,5.8,5.9,5.7
75071,5.6,4.2,3.6,4.1,4.8,5.2
75074,13.6,16,16.4,15.1,15.2,15.6
75075,8.7,8.1,7.5,7.7,8.5,8.2
75076,12.7,12.8,13.4,12.2,10,11.2
75077,4.1,4.8,4.6,4.9,4.6,4.1
75078,3.3,5.9,8.2,8.9,7.5,8.5
75080,15.3,15.1,15.1,15.5,17.8,16
75081,8.1,8.6,8.9,8.6,9.2,9
75082,2.6,3.4,3.7,3.2,3.4,3.9
75087,4.9,5,5,4.4,3.9,4.7
75088,7.2,7.1,5.9,4.8,4.6,5.7
75089,6.2,6.6,7.5,6.5,5.4,4.4
75090,25.2,26.8,26.3,24.5,25,24.3
75092,9.8,10.2,10.9,11.6,10.5,10.6
75093,6.2,5,5.4,6.1,5.7,4.5
75094,4.5,1.5,3.1,3.6,4.7,4.5
75098,6.8,7.3,6.9,6.2,5.5,4.9
75101,15.5,16.5,20.3,19.6,21.4,22.1
75102,12.5,15.6,15.3,11.7,11.7,7.6
75103,11,12.5,13.1,15.1,13.9,14.4
75104,10.8,11.1,11.7,9.8,8.8,9.3
75105,2,2.6,2.2,12.2,7.3,3.5
75109,10.8,11.7,12.5,8.3,8.3,9.4
75110,19.6,21.5,22.9,24.7,23.9,23.6
75114,5.7,6.2,7.7,7.2,6.1,7.8
75115,11.9,11.7,11.3,11.8,9,9.7
75116,19.2,18,15.2,12.5,14.7,14.4
75117,11.7,12.6,15.4,13.8,12.6,15.9
75119,20.4,21.2,22.9,21.7,20.1,16.9
75124,8.8,10.9,10.8,11.4,14.6,14.7
75125,15.4,19.8,24.8,24.2,22.1,18.6
75126,5.4,6.4,6.4,6.5,4.9,5.2
75127,19,18.4,16.9,16.5,15.7,16.5
75132,0,2.8,4,4.2,14.4,18.4
75134,21.7,21.6,20.6,20,20.4,19
75135,10.6,9.4,14.4,15,13.2,13.4
75137,12.3,11.7,10.1,11.4,10.4,9.9
75140,20.6,23,20.9,19.5,20.3,17.7
75141,28.7,25.8,25.3,22.8,24.1,22.7
75142,20.2,20.1,20.4,21.4,17,16.4
75143,18,19.2,20.9,21.4,22.8,18.2
75144,22.2,21.1,15.7,20.4,20.1,20.2
75146,10.8,11.3,12.3,13.4,12.5,9.4
75147,12.2,15.6,20.3,16.8,19.9,22
75148,31.4,27.2,24.5,20.6,21.8,19.1
75149,20.2,20.6,19.9,17.3,14.7,15.4
75150,13.3,15.4,14.1,15.4,15.8,15.2
75152,8,9.7,7.7,9.2,10,12.1
75153,13.6,11.5,12.2,10.3,9.4,1.2
75154,9,9,8.9,9.6,10.7,10.7
75155,20.1,23.7,30.2,29,28.9,24.5
75156,18,18.6,21.8,22.8,20.6,17.5
75157,34.9,35.6,31.6,18.7,24,12.8
75158,16,14.8,11.2,6.5,11.3,11.2
75159,12.6,13,15.1,13.8,12.3,12.4
75160,19.4,22.2,19.6,20.5,20.8,19.8
75161,10.4,11.6,13,12.8,14.3,11.2
75163,16.7,17.7,14,16.8,15.5,12.1
75164,4.6,7.1,4.3,3.8,5,3.7
75165,13.8,13.1,14.3,13.6,13,11.8
75166,0.5,0.9,1,1.1,2.2,2.2
75167,3.8,4.2,4.9,4.5,6.1,4.5
75169,16.6,16.7,17.8,16.9,16.2,14.3
75172,28.5,38.1,40.6,36.9,35.2,26.8
75173,11.7,14.1,13.8,9.5,10.6,10.8
75180,21.8,24.7,25.9,26.4,28.6,31
75181,5.9,8.5,11.1,14.3,12.6,12.8
75182,2.3,4.1,3.3,2.3,2.3,1.8
75189,7.1,7.7,9.4,9.6,11.4,9
75201,13.6,11.7,13.9,13.3,13.5,11.2
75202,15.6,13.6,14.6,7.1,6.7,6.5
75203,30.7,34.5,33.8,37.2,37.1,39.8
75204,19.5,20.7,19.6,19.7,19.4,21.7
75205,5.1,5.8,5.9,7.2,7.6,9.6
75206,14.1,15.5,16.8,17.8,17.8,19.4
75207,7.3,7.9,11.7,8.9,12,16.8
75208,16.9,19.6,23.2,22.9,22.6,25.5
75209,6.9,7,8.1,11.8,12.2,13.4
75210,43.2,49.1,49.8,49.4,52.1,53.3
75211,25.2,26.3,27.7,28.2,27.3,26.9
75212,32.6,31.4,31.5,34,33.2,35.2
75214,9.4,8.8,10.1,10.6,11.3,12.4
75215,34.6,35.6,35.8,40.3,38.4,37.9
75216,37.3,39,41.7,41,39.7,39
75217,31.2,33.8,32.7,31.1,32.7,31.9
75218,9.6,9.5,12.4,11,10.4,9.1
75219,11.4,12.9,13.7,15.6,17.2,17.6
75220,22,24.1,25.2,27.1,26.7,26.7
75223,27.2,26.6,25.6,24.7,24.2,28.4
75224,28.2,27.5,30.8,32,31.1,31.5
75225,2.7,3,2.5,2.6,2.9,3
75226,37.4,35.8,32.8,31.4,30.2,23.9
75227,25.6,28.5,28.4,27.8,25.1,24.6
75228,21.9,25.2,27.6,28.1,28.6,28.4
75229,11.1,12.8,13.2,14,13.2,14.3
75230,6.5,7.9,8.9,9.2,11.1,10.7
75231,28.9,32.7,34.8,34.4,33.1,29.8
75232,32,30.3,30.7,28.6,24.9,22.6
75233,25.5,24.9,28.4,28,25.7,21.9
75234,11,12.7,13.5,14.9,15.9,12.8
75235,22.4,23.2,28.1,29.4,35.5,31.7
75236,22.5,19.1,19.9,24.8,21.6,21.4
75237,33.3,31.9,30.2,29.1,27.7,28.4
75238,16,17.7,18.1,16,14.6,14.9
75240,23.5,27.1,31.5,32.3,31.5,26.6
75241,26.5,24.2,25.7,28.1,29.3,30.9
75243,25.6,25.9,27.1,25.7,26.2,24.7
75244,5.2,7,6.3,7.7,9.3,11.4
75246,40.8,35.7,43.1,32.2,31.4,31.2
75247,58.3,63.1,60.9,50.2,53.1,58.3
75248,6.8,6.5,6.9,6.7,7.6,8.2
75249,12.7,12.8,13.1,16.3,13.4,13.9
75251,19.5,21.9,13.4,7.4,12.1,7
75252,16.4,14.6,14.7,16.6,14,13.8
75253,23.8,24.3,28.9,23,25.8,29.2
75254,16.8,18.8,19.3,17.4,17.1,16.4
75270,-,-,-,-,-,-
75287,11,11.8,12.4,13.7,12.8,12.5
75390,-,-,-,-,-,-
75401,25.5,26.1,26.2,27.9,31.9,32.6
75402,13.6,13.9,12.2,10.6,12,11.4
75407,12.3,15.7,18.6,17.3,13.6,11.9
75409,7.9,9.5,12.6,10.3,10.4,11.6
75410,13.3,22.1,23.3,25.4,23.5,19.1
75411,16,18.6,20.8,17.4,11.5,9.4
75412,3.2,5.1,5.5,2.5,8.8,12.2
75413,20.6,12.2,15.9,14.2,7.4,6.3
75414,8.6,9.9,13,12,14.6,14.7
75415,23.4,42.9,43.7,36.4,33.7,14.3
75416,14.4,13.3,11.6,13,12.2,10.6
75417,21.9,18.2,18.2,15.5,19.7,13.2
75418,15.5,18.7,18.8,20.4,21.3,17.5
75420,1.4,2.3,2.1,3,5.5,5
75421,13.7,18.6,20.7,15,12.9,14.6
75422,12.5,9.7,7.5,4.9,5.9,6.8
75423,14.6,8.4,13.3,19.9,22.2,19.6
75424,10.1,8.1,10.7,9,8.8,7.7
75426,17.2,19.3,24.6,24.6,18.8,24
75428,36.5,38.6,37.6,36.3,33.8,31.4
75431,16.9,16,18.7,13.5,17.1,18.5
75432,27.1,25.2,23.9,19.3,15.4,16
75433,12.6,10.5,14.2,14.1,16.1,13.6
75435,9.7,8.3,9.1,8.3,10.3,10.6
75436,13.2,13.1,14.3,16.3,14.1,15.7
75437,5,8.6,8.8,7.5,7.6,10.6
75438,4.7,3.9,3.5,5.6,10.7,7.3
75439,15,19.1,20.2,19.5,19.9,15.5
75440,6.9,7.2,8.2,8.2,10.8,9.3
75441,0,0,0,0,13.3,11
75442,12.2,13.9,16.3,18.3,18.7,15.5
75446,22,21.2,19,20.7,21.2,22.9
75447,9.6,9.3,11.8,11.4,9.7,8.6
75448,0,0,0,5.3,5.9,10.2
75449,15.8,18.7,20.5,22.5,17.8,24.9
75450,32.9,23.2,41.9,28.9,26.3,30.3
75451,26.5,28.4,16.2,14.4,22.4,19.6
75452,13.8,14,13.4,14.3,11.9,14.9
75453,6.4,6.7,10.4,11.1,11.1,12.4
75454,3,4,0.8,2.1,3.3,5.6
75455,19.4,20.8,21,21.9,21.9,19.7
75457,11.9,13.7,14.8,14.6,16.3,17.4
75459,9.6,17.7,18,15.2,13.2,15.8
75460,25.2,28.7,27.4,28.2,29.6,29.5
75462,10.5,11,9.4,9.6,7.2,6.8
75468,5.7,18,28.1,33,35.2,28
75469,28.9,25,31.5,35,32.1,29.7
75470,36.3,35.3,31.4,22,0,0
75471,30.5,25.3,21,20.8,13.2,25.8
75472,23.7,17.2,16.2,17,20.7,12.5
75473,4.1,4.7,4.1,9.4,12.2,12.3
75474,20.6,21.2,19.9,21.4,18.8,18
75475,20.5,28,16.4,17.8,9.2,14.9
75476,7.3,8.5,10.3,8,6.7,15
75477,24.2,24.4,23.5,21.4,23.3,25
75478,17.4,18.2,16.9,16.1,18.5,14.2
75479,12.9,13.9,12.3,11.2,11.9,7.2
75480,9.8,14,17.6,9.7,9.3,3.6
75481,18.8,13.9,2.3,2,0,1.7
75482,19.7,22.2,22.2,23.3,21.4,19.1
75486,10.2,13.9,13.3,11.1,11.1,8.2
75487,16.8,18.6,22.8,17.3,13.4,12.8
75488,20.5,30.5,29.4,26.1,23.5,24.1
75489,10.6,11.8,15.5,12.1,14.1,18.5
75490,10,8.9,14.6,12.7,12.4,16.4
75491,14.9,14.1,13.6,14.2,12.1,7.4
75492,16.1,14.3,14.5,16.7,16.5,16.8
75493,32.5,42.1,44.7,35.9,36.3,29.2
75494,19.7,19,18.4,16.4,15.8,17.6
75495,8.5,7,6.9,5.8,9.5,8.4
75496,18,16.4,18.9,15.8,14,13.5
75497,10.3,8.7,7.9,4.7,6.5,10.6
75501,24.8,27.8,25.4,24.3,24.4,21.7
75503,15.2,14.1,12.3,14.7,13.6,13
75550,24.5,21.1,19.8,13.1,13,12
75551,18.8,18.6,18.5,19.4,17.9,17.9
75554,6.8,7.6,10.9,9.6,9.6,10.8
75555,17.6,12.2,15.4,22.9,13.5,9.8
75556,17.1,20.3,17.7,13.5,15.5,19.5
75558,19.2,20.2,25.3,24,17.8,15.6
75559,9.1,9.1,11.9,16.2,22.7,25.9
75560,17.6,19.6,17.5,17.6,14.2,16.5
75561,18.5,19.9,20.8,18.4,19.9,17.2
75562,0,0,0,0,0,0
75563,19.2,20.4,16.5,23.7,22.8,21.5
75565,45.1,51.4,39.2,30.3,15.1,15.9
75566,16.6,12.9,16.7,8.7,12.4,27
75567,7.5,10.9,12,11.9,12.6,13.6
75568,15.1,23.8,21.9,16.4,16.4,21.6
75569,5.6,11.8,17.2,18.9,19.8,22
75570,16.3,18.3,22.2,21.5,19.5,18.8
75571,8.2,14.2,15.9,13.5,11.4,13
75572,15.9,14.3,17.6,21,24.1,21.1
75573,0,0,0,0,0,0
75574,13.8,16.5,17.1,16.4,20.5,24.7
75601,16.6,17,17.7,18.5,16.1,15.4
75602,28.2,27.7,26.2,27.9,26,25.4
75603,10.4,12.8,20.5,23.3,20,19.5
75604,17.8,17.4,16.8,17.6,16.7,15.1
75605,10.3,11.2,9.2,10.1,8.4,9.4
75630,17.3,15.4,17.8,16.7,19.7,15.2
75631,16.7,14.2,16.5,19.4,17.9,15.2
75633,13.5,12.9,14.5,14.5,13.1,12.9
75638,21.1,21.4,21.3,17.6,22.3,19.2
75639,19.6,22.5,14.8,6.2,8.6,8.8
75640,13,15,13.3,13.6,16.7,10.6
75641,7.9,15.9,14.9,21.6,30,26.9
75642,0,0,0,0,0,0
75643,21.2,20.5,19.8,15.3,12.5,11.9
75644,16.4,13.3,13.2,12.6,13.3,13.7
75645,8.9,10.3,11.5,9.9,11.5,10
75647,18.8,18.6,20.6,18.6,18.7,13.2
75650,12.7,10.4,11.5,4.4,5,6.4
75651,11.5,11.2,6.6,9.6,12.2,15.8
75652,15.1,17.3,17.3,16.4,17.1,15.9
75654,15.2,14.3,18.3,20.4,24.8,20.1
75656,17.4,19.6,22,22.9,29,26.7
75657,22.7,23.4,23.6,26,25.2,24.2
75661,24.5,21.3,25,25.2,24.6,12.5
75662,15,15.7,15.6,17.9,17,15.1
75667,19.2,18.8,13.2,7.8,15.6,13
75668,19,24.1,30.9,34.8,37.6,29.6
75669,14.2,1.1,2.8,4.7,3.5,2.7
75670,29.5,30,30,28.2,28.4,30
75672,13.9,16,13.3,13,11.3,10.2
75681,21.9,22.6,22.8,19.2,17,10.6
75682,12.2,13.5,13.1,13.2,17.5,15.6
75683,20,16.3,15.6,18.6,14.6,14.5
75684,19.3,18.8,16.2,16.3,16.4,13.8
75686,15.7,17.3,18.8,21.3,21.7,21.7
75691,12.2,10.6,12,6.8,8.4,15.3
75692,12.7,12.1,13.2,14.6,14,16.4
75693,17.5,21,19,17.4,14,16
75701,19.2,20.4,20.7,20,19.2,21.5
75702,33.3,31.9,32.9,30.9,30.3,29.4
75703,10.6,10.9,11.1,9.9,11.7,10.9
75704,25.9,22.6,20.5,23.1,20.9,22.9
75705,10.3,13.7,23.8,26.9,25.4,20.6
75706,14.8,15.6,21.2,23,23.4,21.3
75707,17.9,18.2,18.2,15.2,14.2,10.1
75708,20.9,20.7,22.1,22.7,26.5,19
75709,12,12.1,15.3,16.9,17.9,17.7
75750,12.5,12.8,14.7,13.3,11.4,5.5
75751,21.7,20.2,20.3,24.4,22.2,22.8
75752,11.9,18.7,18.8,21.8,15.7,20.9
75754,12.3,15.8,17.5,20.4,17,20.3
75755,13.6,16.5,17.9,22.6,29.1,27.8
75756,14.5,19.3,20.4,16.3,14.8,16.2
75757,10.7,13.1,12.3,11.1,11.1,11.6
75758,15.5,14.9,14,14.8,15.3,16.6
75759,59,82.4,85.2,78.2,73,70
75760,14.8,13.6,10.1,9.5,10.2,10.4
75762,7.8,8.2,9,7.1,7.3,7
75763,15.1,18.7,21.1,19.2,16.8,13.7
75764,9.5,5.7,2.8,10,11.7,19.7
75765,12.5,11.7,12.4,11.9,11.1,12.4
75766,18.5,22.6,25.1,25.1,28.1,28.1
75770,10.1,9.5,10.8,12.6,16,14.7
75771,9.8,14.3,13.2,13.6,13.5,12.5
75773,12.6,10.1,13.3,12.6,15.6,16.7
75778,14,13.1,6.9,4.7,6.7,10.6
75779,14.4,10.9,13.7,0,0,0
75780,16.4,14.3,23.6,21.1,38,38.5
75783,12,13.5,13.9,16.7,12.6,15.1
75784,17.8,17,27.5,29.5,32.8,44
75785,16.2,19.4,18.5,24.9,23.8,22.4
75788,0,0,6.3,6.6,9.3,9
75789,14.2,16.7,14.2,15.8,16.2,17.3
75790,15.8,17.5,18.2,16.1,15.2,11.9
75791,12.3,11.9,8.3,8.2,5.7,5.1
75792,13.7,13.7,22.6,22.2,21.4,13.7
75801,21.2,20.7,21.5,20.2,23.3,22.3
75803,12.1,15.6,17.6,18.8,22,19.6
75831,15.1,12.5,12.7,11.8,22,21
75832,42.7,54,52.1,0,0,0
75833,15.8,15,8.5,10.1,11.2,8.4
75835,28.3,27.3,27,25,24.1,23.1
75838,15.4,22.3,10.8,8.5,8,8.3
75839,13.1,13.2,13.5,11.2,12,17.9
75840,14,12.4,13.4,14.5,14.9,11.6
75844,19.8,19.8,21.3,18.8,13.6,14.6
75845,15.6,14.7,21.3,22,22.6,22.5
75846,24.7,26.3,24.6,24.2,23.2,17.7
75847,26.8,22,20.7,16.4,9.3,8.8
75848,41.7,34.2,3.7,3.8,0,0
75849,38,40.7,50,53.9,37.6,11.9
75850,9,11.7,14.7,9.9,9.4,13.6
75851,12.9,16.3,20.1,16.4,17.6,20.4
75852,15.2,13.8,11.1,13.4,9.4,14.7
75853,17.4,20.6,33,36.6,38.8,33.1
75855,20.8,21.7,21.7,34.1,27.7,35.3
75856,19.8,18.9,0,0,0,0
75858,100,100,41.2,23.5,27.5,0
75859,17.6,21.7,19.1,22.7,23.7,21.1
75860,22,20.3,15.3,14.3,12.1,14.5
75861,9.9,6.9,9.1,8.3,6.9,7.9
75862,19.1,15.8,15.4,14.3,14.6,13.4
75901,21.1,22.2,21.1,22.4,23.3,21.7
75904,17.2,17.6,19.4,19.1,17,17.9
75925,28.6,29.6,22.8,23.2,18.4,18.8
75926,15.5,15.1,11.5,6.4,6,21.9
75928,20.7,30.6,8.6,23,23,23.3
75929,15.7,15.7,20.9,20,22.2,17.1
75930,33.7,34.2,30.9,31.6,34.8,25.2
75931,17.3,15.2,15.5,13.4,15.6,13
75932,9.3,10.3,5.3,5.4,11,14
75933,15.5,5.5,16.8,27.2,26.1,25.6
75934,0.7,30.2,45.3,83.3,77.8,100
75935,20.7,20.8,18.9,23.6,21.6,26.4
75936,16.4,20.7,18.2,18.6,16.9,13.3
75937,14.9,17.9,23.5,25.7,21.4,17.5
75938,9.9,9.5,8.9,9.3,7.9,14.6
75939,18.1,17,17.3,15.7,20.9,26.3
75941,20.7,19.3,17.2,16.8,18.9,16.8
75942,6.1,7.6,9.9,7.7,26.3,51
75943,19.2,19.9,15.3,13.6,12.3,11.2
75944,18.5,23.1,24.2,20.9,20.3,19.5
75946,17.3,19.1,17,17.1,18.9,14.9
75948,21.6,26.2,30.3,26.4,27.2,26.7
75949,16.6,19.1,16.6,19.1,18.9,20
75951,18.1,18.1,22.5,22.5,22.9,20.8
75954,18.9,14.9,14.1,16,14,15.8
75956,22.9,18.5,16.5,15.4,15,16.7
75959,3,4.5,16.4,22.3,23.9,14.2
75960,45.3,48.5,42.8,38,33.3,22.8
75961,30.8,30.4,29.9,29.5,29.1,30.1
75962,-,-,-,-,-,-
75964,27.8,26.5,27.7,28.1,31.9,31.2
75965,20.4,19.8,20.4,20.1,20.8,18.4
75966,18.9,20.3,17.4,21.9,21.2,21
75968,21.1,22.8,20.4,19.7,22.7,24.1
75969,23.1,18.5,20.2,23.3,16.3,16.1
75972,24.4,27.5,24.9,23.2,24.1,26.2
75973,24.9,25.4,25.5,18.2,21.5,22
75974,25.4,24.7,29,27,28.6,32.9
75975,29,31.7,30.1,25.4,23,19.9
75976,28.4,29,26.6,35.6,36.7,40.8
75977,5.1,4.3,3.7,11.6,11.2,17.1
75978,4.1,0,0,0,0,0
75979,21.9,22.5,21.4,19.2,20.7,21.4
75980,17.8,19.3,13.7,15.1,14.3,9.5
76001,9,9,8.3,7.6,7.3,7.9
76002,6.2,6,7.9,6.4,8,8
76006,13.7,15,16.2,15.6,14.6,14.8
76008,3.8,4.8,4.9,5.9,6,5.2
76009,14.2,15.6,13.2,14,14.8,13.2
76010,32.4,34.5,35.6,34.5,34.7,32.2
76011,28.8,31,32.9,31.9,31.6,30.7
76012,17.1,15.7,18.3,19.1,15,12.1
76013,18.6,19.3,19.9,19.5,18,19.2
76014,18.9,19.4,21.4,18.8,22,21.2
76015,15,16.7,14.9,17,14.4,14.3
76016,5.6,4.4,5.2,5.8,6.7,5.4
76017,10.8,9.7,10.6,9.9,8.6,8.6
76018,9.1,8.8,8.3,9.4,7.9,8.2
76020,10.6,12,12.4,13.8,14.4,15
76021,5.9,7,6.1,6.8,7,6.5
76022,7.5,8.5,8.9,11.7,12,11.4
76023,12.5,15.4,9.4,7.6,9.3,8.6
76028,6.6,6.6,7.1,7,6.8,6.5
76031,20.1,23.9,21.9,20.5,16.4,14
76033,12.3,14.3,14,13.7,15.1,13.2
76034,2.2,1.9,1.9,1.8,1.5,1.6
76035,10.8,8.2,8.9,8.7,6.4,7.5
76036,9.6,9.7,11,10.3,8.3,9.8
76039,9.1,10.6,9.7,9.6,10.6,7.6
76040,13.1,14.5,15.5,17.3,16,16
76041,3.9,2.7,4.6,0,0,7.5
76043,23.8,19.1,14.7,12.7,9.7,10.9
76044,11,12.7,11.3,10.3,9.9,8.3
76048,16.7,16,14.7,14.3,15.3,12.4
76049,8.6,8.6,8.9,9.5,10.3,10.5
76050,9,8.7,9.4,10,7.7,6.5
76051,8.1,11.1,11.9,12.9,12.3,11.2
76052,4.5,6.3,5.1,4.3,4.4,4.4
76053,13,14.4,15.6,17.7,17.8,17.1
76054,3.7,4.9,4.8,4.1,3.3,4
76055,16.9,16.6,24.6,18.6,19.1,21.5
76058,10.8,11.5,14,14.3,13.1,13
76059,16.7,23.3,25.8,36.1,33.1,32.5
76060,4.6,6.3,7.5,9,8.9,8.2
76061,0,0,0,0,0,0
76063,5,5.7,6.3,7.6,7.4,7.6
76064,4,3.5,4,5.8,3.4,4.1
76065,5.3,5.8,4.9,5.3,6.1,5.6
76066,10.9,9.1,5.1,5,7,9.8
76067,20.8,21,23.2,20.1,21,17.9
76070,0,0,2.9,2.3,3.7,4.8
76071,12.1,11.6,9.6,9.7,8.1,9.1
76073,6.8,8.2,6,5.7,6.5,7.3
76077,19.1,18.2,16.9,11.3,12.3,8.5
76078,11.6,9.6,13.1,10.5,8.3,8.4
76082,14,13.6,12.7,13.8,12.1,11
76084,8.2,8.1,12.1,13,14,15.2
76085,12.2,15.6,19.1,19.5,15.9,14.5
76086,9.8,10,11.6,13.6,14.9,17
76087,7.6,7.8,10,10.6,9.9,8.7
76088,6.5,5.3,7.1,9.5,8.9,9
76092,2,2.5,2.9,3.2,3.1,3.3
76093,10.1,11.7,15.1,11.9,10.1,7.5
76102,34.5,36.4,38.5,40.1,40.6,41.2
76103,24,24.5,26.9,28.4,27.8,24
76104,40.1,43.7,45.4,47.5,45.7,47
76105,34.5,39.8,40.5,41.1,42.1,39.7
76106,25,28.7,30.5,32.2,33,32.9
76107,18.2,16.8,18.1,17.9,18.6,16.5
76108,10,10.9,11.2,11,11.8,11.7
76109,17.5,18.4,19.3,19.4,18.6,17.8
76110,22.9,24.2,27.9,27.9,29.6,32.9
76111,23.7,23.5,25,24.1,23,19.6
76112,24.6,25.5,25.6,26.3,25.8,23.8
76114,18.7,18.4,20.8,21,22.5,20.6
76115,25.5,29.2,31.6,35.3,39,41.1
76116,19.3,21,22.8,21.7,20.8,20.3
76117,16.9,18.1,18.3,18.2,18.8,20.4
76118,7.6,9.4,10.2,9.6,7.4,8.1
76119,32.3,34.5,34.7,36,35.5,33.7
76120,24,24.3,24.5,23.6,22.6,17.1
76123,8.1,8.2,8.9,9.4,9.8,8.2
76126,4.1,4.7,5.4,5.4,6.4,5.6
76127,0,0,0,0,0,0
76129,-,-,-,-,-,-
76131,5.9,6.1,6.7,6.2,6.1,7.6
76132,11.8,12.5,12.6,13.3,12,12.6
76133,18.8,17.6,17.7,17.2,16.3,15.4
76134,21.2,22.1,23.3,21.4,19.3,15.4
76135,10.6,10.3,12.2,12.9,14.1,14.6
76137,8.6,9,7.8,8.9,7,7.2
76140,21.2,21.4,21.3,21.1,21.8,19.9
76148,8.1,7.4,6.4,5.9,6.6,6.4
76155,12,18,15,16.5,16.8,15.6
76164,27.4,28.1,26,25.2,27.2,25.6
76177,2.8,2.6,3.9,2.3,1.6,1
76179,6.8,7.1,4.9,6.2,5.7,4.9
76180,10.4,10.5,10.5,10.6,9.3,10.2
76182,4.3,3.8,4,4.4,3.3,3.8
76201,36.6,39,41.3,41.8,42.9,40.6
76205,25.3,26.2,27.9,27.6,25.7,22.5
76207,14.4,13.6,14.8,14.1,11.9,12.7
76208,11.6,10.2,11.6,14.8,13.8,13.3
76209,20.2,19.8,18.1,17.3,16.4,15.7
76210,7.3,6.9,8.1,9.7,9.3,7.3
76225,8.8,9.6,8.1,13.5,12.5,11.8
76226,1.7,1.7,2.7,3.1,3.5,3.8
76227,3.8,5,5.4,3.9,5,5.6
76228,14.6,16.5,12.7,12.8,10.2,6
76230,13.5,14.2,13.4,13.5,13.8,15.5
76233,5.8,6.6,5.8,4.2,7.7,8.4
76234,14.8,14,12.3,8.6,9.9,10.6
76238,1.3,4,3.5,8,9.1,11.4
76239,8.4,9.8,10.8,10.6,8.1,5.9
76240,17.8,19,17.4,17.5,17.3,16.5
76244,2.3,2.6,2.8,4.5,4.1,4
76245,14,9.9,8.7,9.2,9,8.2
76247,4.6,6.1,6.4,5.5,6.3,4.9
76248,3.5,3.9,3.8,4.4,4.1,4
76249,6.5,5.4,4.4,4,3.4,3.4
76250,1,0.3,0.1,0.8,0.6,1.1
76251,16.3,12.3,13.2,18.7,23.2,17.6
76252,6.2,7.7,9.4,11.1,10.7,9.2
76253,5,4.5,5.3,5.2,6.4,2.6
76255,20.6,22.2,21.2,18.8,21.8,20.2
76258,12.2,10.5,10.3,8.4,9.4,7.7
76259,12.4,11.7,10.7,10,4.8,3.5
76261,4.8,8,6.7,8.7,6.8,27
76262,4.6,5,4.7,3.4,3,2.8
76263,5.2,2.9,3.4,4.1,0,0
76264,1.1,4,4.1,5.3,4.6,5.7
76265,5.8,7,8.9,12.3,12.3,13.3
76266,7.2,7,8.8,9.5,11.6,13
76268,23,19.2,13.6,13.4,15.9,1.9
76270,16.1,14.8,9.5,6.1,7.8,4.6
76271,8,8,7.7,6,7.9,6.7
76272,7.2,8.8,6.2,8.2,9.6,8
76273,14,13.8,15.3,14.7,15.5,16.1
76301,35,33.5,30.3,28.7,25.2,23.8
76302,24.1,23.5,22.6,21.4,23,17.6
76305,16,16.2,13.8,12.9,10.9,9.3
76306,23.7,23.8,21.8,21.1,17.8,13.1
76308,15.7,14.2,14.1,12.7,13.3,13.1
76309,21.4,23,22.1,21.4,15.3,14.1
76310,6.6,7.7,10,9.3,10.3,10
76311,1.8,2,1,0.8,0.5,0
76351,12.8,12,18.3,22.5,21.5,24.2
76354,14.5,14.7,11.3,8.7,9.2,6.9
76357,8,9.7,14.2,21.4,18.4,18.9
76360,17.2,13.8,11.6,11.3,11,11.8
76363,21.5,15.3,18.3,9.8,7.8,9
76364,5.6,5.8,2.1,1.1,1.8,1.1
76365,19.3,17.6,11.6,16.8,12.2,9.6
76366,14.7,11.5,13.1,13.7,14.1,12.5
76367,7.2,6.1,6.5,8.6,8.3,7.7
76370,9.9,5.8,2.6,2,14.3,19.6
76371,18.1,15.4,21.3,21.2,25.2,27.9
76372,30.1,33.4,29,11.9,12.1,13.5
76373,0,0,0,0,0,0
76374,17.1,17.9,19,22.1,22.1,21.8
76377,18.1,18,15,12,6.9,12.5
76379,11.9,11,4.3,5.7,7.4,6.9
76380,13,13.1,12.3,17.1,15.7,15.1
76384,17.1,17,18.5,20.2,21.3,21.8
76388,7.9,5.7,21.2,24.9,18.2,26.5
76389,8,10.2,11.7,12,14.5,8.1
76401,23.9,27.4,27.9,28.5,26.8,27.1
76402,-,-,-,-,-,-
76424,22.2,23.2,20.9,20.9,19.9,16.1
76426,16.4,12.4,12.5,13.2,14.6,15.1
76427,42.8,40.8,42.4,39.6,42.2,14.9
76429,12,0,0,2.7,1.5,2
76430,17.7,17.1,19.1,16.8,15.6,11.4
76431,11.8,14.9,16,14.5,18.7,16
76432,13.6,14.3,17.4,17.9,16.8,16.9
76433,8.6,14.4,13.9,10.5,9.1,4.6
76435,16.3,29,20.5,20.9,12.8,7
76436,24.8,27.3,29.9,12.9,14.4,16
76437,17.9,19.4,22.2,25.4,15.6,19.4
76442,15,21.9,25.1,26.9,28,31
76443,19.1,21.3,21.9,20.3,19.9,18.8
76444,18,20,19.7,19.3,21.4,18.9
76445,20.8,30.9,12,10,13.1,17.8
76446,24.1,19.8,18.3,18.5,17.4,14.9
76448,19.5,15.1,16.2,20.4,20.6,22.8
76449,11.3,11.6,10.9,11.2,10.1,10.4
76450,14,13.2,13,15.3,14.2,13.1
76452,12.6,10.8,48.7,35.2,43.4,45.7
76453,5.9,10.4,8.5,8.6,10.4,11.9
76454,22.9,19.4,22.6,19.5,28.7,27.6
76455,41.9,28.8,25.7,26.6,22.1,16.7
76457,12.3,12,10.9,9.5,12.3,11.8
76458,16.6,14.8,14.6,16.3,12.9,22.1
76459,16.6,27.3,23.5,33.5,30.8,25.2
76460,7.4,4.7,6.3,6.9,1.8,2.4
76462,5.6,5.6,7.2,13.8,12.7,13.2
76463,11.8,14.8,16.9,17,18.1,16.5
76464,22,21.9,18.4,14.2,14.5,18.3
76466,0,4.6,4.5,2.4,3.1,5.6
76469,10.3,0,0,0,0,16.4
76470,12.9,15.1,13.6,14.6,15.1,15.7
76471,13.3,16.9,19.2,21.6,26.4,30.6
76472,18.5,4.8,5.4,5.2,3.1,1.2
76474,11.7,8.5,22.1,27.7,26.4,23.6
76475,8.3,10,16.2,17.2,15.1,12.7
76476,11,13.8,12.1,10.8,10.3,9.3
76481,45.9,0,35.6,37,70.1,52.7
76483,21.4,14.9,14.4,10.9,12.4,9.1
76484,19.1,16.4,16.4,12,12.4,5.2
76486,3,10.9,10,16.8,18.6,19.8
76487,26.6,23.1,16.9,11.4,6.6,4.4
76490,7.5,12.5,0,0,15.2,23.4
76491,15.5,17.7,14.9,11.8,19.2,13.1
76501,24.2,25.8,26.1,21.5,23.6,18.7
76502,10.5,10.9,9.2,8.2,8.4,6.4
76504,25.2,24.1,22.4,21.6,18.5,15.4
76508,-,-,-,-,-,-
76511,14.7,15.9,14,13.8,13.4,13.3
76513,12.8,13.7,15,17,17.5,15
76518,13.2,24.3,32.7,32.3,31.8,35.9
76519,0,19.4,16.3,19.9,31.7,29.1
76520,18.5,15.5,16.7,17.2,19.3,19.6
76522,12.3,13.1,11.6,9.4,11.3,12.7
76523,-,-,-,-,-,-
76524,6.5,12.1,15,17.4,13.8,19.7
76525,17.4,16.8,14.4,15.9,11.3,10
76527,11.4,7.2,7.7,9.5,11.3,13.7
76528,12.6,13.4,15.3,16.5,15.5,13.3
76530,21.7,21.2,17.1,15.9,15.7,15.3
76531,15.3,13.3,14,12.5,10.8,11.4
76534,15.4,17,17,12.5,13.5,15.3
76537,7.4,8.2,8.4,9.9,9.4,6
76538,9.8,10.9,10.6,6.6,5,5.3
76539,8.7,10.6,9.4,8.9,10.2,8.3
76541,28.1,27.1,28.2,26.4,27.6,25.5
76542,10.2,10.8,10.2,9,10.9,10.7
76543,17.5,19.7,21.7,21.1,18.6,18.4
76544,13.3,15.1,13.9,13.1,14.5,17.6
76548,12.4,13.8,16.2,14.1,13.6,12.9
76549,10.2,8.9,10.9,13.3,14.8,16.5
76550,13.7,16.3,17.6,18.8,21.9,20.8
76554,10.9,11.2,11.8,14.9,15.3,16.4
76556,19.7,20.7,19.7,26.6,17.6,20.7
76557,21.7,16.3,19.5,20,18.5,15.7
76559,12.3,14.4,21.4,18.5,16.5,17.6
76561,19.6,16.9,17.2,13.2,9.6,6.1
76565,0,0,0,0,0,0
76566,30.3,24.7,35.7,35.9,10.8,5.6
76567,17.8,15.5,18.8,23.7,21.7,19.5
76569,10.3,10,5.8,6.6,7.6,9
76570,25.3,22.9,19.6,17.5,20.3,14.3
76571,6.7,5.5,6.1,5.2,5.3,5.4
76573,0,0,0,0,0,0
76574,12.5,14.8,15.5,13.5,15.8,14.8
76577,9.2,10.8,10.3,5.3,5.7,7.1
76578,11.6,15.9,14.6,10.9,8.1,11.1
76579,10,9.5,12,7.5,7.2,8.1
76596,-,-,-,-,-,-
76597,-,-,-,-,-,-
76598,-,-,-,-,-,-
76599,-,-,-,-,-,-
76621,8.6,9.4,10.7,8.9,8.2,10.8
76622,8.2,9.1,9,8.2,11.8,11.3
76623,20.1,13.4,20.6,21.3,18.4,16.3
76624,20.5,22.2,18.8,10.3,8.3,18.5
76626,19.2,17.2,14.8,12.4,11.6,6.6
76627,8.3,10.2,14.3,17.3,15.6,14.9
76628,26.9,40.7,62.5,54.4,58.2,49.5
76629,17.5,18.1,17.8,15.1,16.5,18.6
76630,4.9,1.4,0.6,2.3,3.3,5
76631,6.7,8.8,6,3.1,3.3,3.4
76632,26.5,28.1,25.5,21,18.2,19.3
76633,4.5,5.8,10.9,13.3,10,10.6
76634,14,12.8,10.5,10.1,12.3,10.8
76635,27.7,28.6,24.5,29.8,31.9,29.8
76636,12.5,10.4,15.2,14.4,15.4,13.3
76637,16.3,15.7,15.6,12.8,16.9,11.5
76638,6.8,7,8.1,8.5,7.4,8.8
76639,12.5,11,12.4,19.1,15.6,16.2
76640,22.5,17.7,11.8,12.3,19.8,22.5
76641,19.9,22.2,20,23.5,24,19.5
76642,21.5,25.2,27.2,26,20.7,15.1
76643,4.7,4.8,4.5,4.8,6.9,6.2
76645,21.5,25,29.8,26.9,22.3,23
76648,20.7,18.5,18.3,14.5,18,18.9
76649,18.1,19.9,15.7,17.4,13.3,11.3
76650,0,5.3,6.8,6.5,8.8,27.1
76651,11.8,15,12.2,13.6,11.7,12.9
76652,18.2,10.3,11,13.4,10.6,11.6
76653,9,10.3,9,10.4,16.1,11.7
76654,15.7,15.3,10.3,6.9,7.8,0
76655,6.8,5.5,5.9,4.3,4.7,4.2
76656,14.6,10.3,12.4,18.2,18.1,17.2
76657,7.2,7.1,9.5,14.2,10,12.6
76660,7.4,13.5,14.8,17.3,18.9,18.8
76661,34.6,35.7,31.7,29.7,28.9,31.3
76664,12.9,20.4,20,16.4,21.5,18
76665,16.6,20.6,21.3,18.8,20.8,23.5
76666,8.1,15.2,14.5,17.7,18.8,14.2
76667,21.4,19.4,21.7,20.8,21.3,19.3
76670,15,14.2,10,12.9,14.2,11.3
76671,21.8,19.2,19.3,23.2,21.9,17.9
76673,34.9,34.1,14.9,14.3,14.2,15.1
76676,3.7,13.7,19,17.6,20.3,18.1
76678,12.7,16.1,16.7,13.9,20.6,19.9
76679,28.6,24.6,22.8,25,26.4,27.6
76680,0,0,0,0,0,0
76681,28.6,10.6,18.5,16.2,22,21.1
76682,9.2,12.9,17.7,19.2,17.1,11.1
76685,0,0,0,0,0,0
76686,8.6,15.2,14.8,23.8,27.8,25.1
76687,18.5,26.6,20,21.1,20.1,17.7
76689,8.5,7.5,10.9,9.6,9.3,6.4
76690,29.4,29.3,28.1,22.3,24.6,22.3
76691,9.9,9,11.6,11.4,13.6,12.5
76692,16.5,18.4,18.3,19.1,13.8,11.6
76693,19.2,15.7,14.9,15.3,14.6,13.3
76701,35.1,41.2,37.1,34.2,36.2,29.2
76704,41.2,34.9,39.2,42,48.2,48.2
76705,23.2,23.3,26,25.3,24.4,23.1
76706,37.4,40.1,40.4,41.5,41.2,42.4
76707,31.3,31.3,31.8,28.2,30.3,26.9
76708,18.3,19.9,22.7,22,21.9,21
76710,15.8,16,19,18.3,19.9,17.9
76711,23.4,23.1,29,33.6,36.7,38.3
76712,6.1,6.2,6.1,5.1,5.4,6.1
76798,-,-,-,-,-,-
76801,19.3,20.6,22.2,22.8,22.2,20.1
76802,13.1,16.3,12,11.3,10.2,9.6
76820,0,0,0,0,31.5,34.2
76821,20.2,22.3,25.8,30.3,27.6,23.4
76823,7.7,7.3,8.4,14.4,13.9,14.1
76824,100,100,-,-,-,-
76825,16.1,19.1,20.1,20.1,17.6,23.4
76827,10.7,13,6.6,10.4,7.4,7.2
76828,7.1,5,4.6,0,11,11.4
76831,0,0,0,0,0,0
76832,7.3,8.9,11.8,10.3,9.7,14
76834,16.7,17.4,23.2,19.6,26.7,34.5
76836,0,0,0,0,0,0
76837,6.7,9.7,8.2,12.2,17.4,18.8
76841,0,0,0,0,0,0
76842,0,0,0,0,0,0
76844,15.7,14.6,13.9,11.8,13.5,16.8
76845,2.6,4.9,5.8,20.9,30.5,19.1
76848,12.9,13.3,17.3,2.2,1.1,3.7
76849,23.8,21.1,22.6,23,21.1,17.3
76852,8.4,6.8,9.2,11.3,12.7,9.3
76853,15.8,22.2,29,28.2,26.2,28.4
76854,19.7,13.9,19.4,8.6,32.5,19.6
76856,13.8,16.5,15.7,12.3,13.6,16.1
76857,10.8,9.6,8.7,9.1,5.7,7.6
76858,29,35.3,27.5,18.9,18.6,10.8
76859,10.1,13.1,14.6,16.6,24.2,20.7
76861,8.1,11.3,10.5,14.2,11.3,14.3
76862,0,0,27.3,22.6,14.3,19.1
76864,11.2,10.4,14.6,13.1,12.3,16.5
76865,11.2,17.8,42.4,41.1,21.6,22.2
76866,14.5,17.2,16.5,15.5,17.8,19.7
76869,3.3,0,0,0,0,0
76870,21.2,22.2,25.2,13.7,9.9,11.6
76871,9.7,9.9,13.7,11,16.9,19.9
76872,9.6,4.3,4,4.7,4.8,6.1
76873,14.6,14.3,0,0,6.4,7.4
76874,0,0,0,0,0,0
76875,5.8,8.5,17.7,17.7,12.8,12.7
76877,21.6,21.8,16.5,16.7,15.9,20.4
76878,30.5,23.8,27.4,29.6,36.9,26.4
76882,31.3,21.2,28.8,14.8,0,0
76884,26.4,20.1,6.4,9.4,22.3,17.9
76885,7.1,0,0,0,0,0
76887,21.1,16.1,0,0,0,0
76888,10.9,10.6,20.4,10.7,9,3.5
76890,10.8,15.6,20.5,20.4,21,19.4
76901,10.8,12.5,14.6,12.6,13.6,14.5
76903,21.9,22.2,22.3,26.1,25.2,23.5
76904,8,8,9.2,9,9.6,9.5
76905,9.7,12.6,13.1,17.4,17.1,18.6
76908,-,-,-,-,24,19.2
76930,6.4,0,18,16.6,28.3,23.8
76932,18.8,18.8,16.4,18.5,10.6,10.2
76933,14,17.1,7.8,7.5,10.6,13.1
76934,8.9,9.7,4.9,12.4,15.1,17.8
76935,5.9,7.2,6.6,10.9,9.8,5.5
76936,10.2,13.2,19.5,22.6,23.1,23.2
76937,46.3,44.4,50,47.6,100,0
76939,0,0,0,25,23.4,21.1
76940,20.4,9.6,9.2,14.8,14.3,38.9
76941,14.5,13,11.6,9.2,7.4,5.3
76943,21,21.9,16.7,15.9,15.8,16.1
76945,19.7,18.5,14.6,15.3,12.1,14.5
76949,33.3,14.3,22.7,14.3,15,33.3
76950,6.4,9.1,8.3,6.3,7.3,5.5
76951,17,15.5,16,20.4,15.1,15.2
76953,0,0,0,0,0,10
76955,0,0,0,0,-,-
76957,-,-,-,-,-,-
76958,3.2,2.4,14.8,7.4,5,4.1
77002,17.5,18.2,19.2,17.1,18.7,18.9
77003,27.6,32.2,38.2,38.6,39.1,38.1
77004,26,23.9,25.5,27.2,28.4,27.9
77005,4.1,3.5,3.5,3.1,2.8,2.7
77006,7.5,9.6,11.3,11.5,12.3,13.6
77007,6,9,9.7,9.2,9.5,9.4
77008,6,7.1,8.8,9.2,9.2,10.4
77009,24.3,26.1,26.5,28.2,27.5,26.5
77010,6.7,8.4,12,8.1,9.2,15.2
77011,34.2,33.2,34.6,33.1,35.2,32.3
77012,24.1,26,25.4,28,27.9,27.4
77013,26.3,25.6,27.3,27.6,26.3,24.1
77014,19,23.9,26.1,26,27.2,27.2
77015,22.9,22.5,22.6,23.1,23.3,20.6
77016,26.1,25.1,26.3,25.5,27.9,28.2
77017,18.2,19,20.3,22.1,25.4,23.6
77018,17.5,18.6,15.6,16.1,18.1,17.2
77019,10,10.4,9.5,9.5,10.1,8.9
77020,30.8,35.1,36.1,33.8,34.8,35
77021,29,29.3,29.4,31.2,30.9,31.2
77022,29.6,32.1,29.4,30.6,30.3,31.1
77023,26.4,27.7,27.7,28.5,27.9,25
77024,5.8,4.9,4,3.9,3.6,3.2
77025,9.5,9.4,9.9,10.2,9.8,11.1
77026,38.8,37.9,41.2,44.4,46.4,45.6
77027,7,7.5,6,5.7,5.9,5.9
77028,28,26.6,26.3,27.8,25.5,24
77029,36,34.4,34.7,35.7,31.2,28.1
77030,16.2,13.8,13.3,13.4,12.5,12.5
77031,20.7,19.6,22.9,27.4,25.1,23.2
77032,40.1,43.2,43.7,39.3,39.4,41.8
77033,28.7,30.6,31.6,32.7,31.7,31.6
77034,19.8,20.2,20.1,20.7,20.7,21.5
77035,24.6,27.6,28.9,30,28.1,26.9
77036,35.4,37.5,37.8,36.1,35.4,35.4
77037,26.3,28.7,29.7,34.5,34.8,36.4
77038,25.8,25.1,25.8,27.1,29,27.9
77039,32,34.2,32.9,31.1,30,30.5
77040,13.2,14.4,14.4,14.5,13.4,14.4
77041,10.2,10.2,10.9,11.8,13.2,12.9
77042,19.5,18.8,20.6,18.7,16.7,14
77043,14.6,14.8,16.4,19.6,18.8,20.8
77044,11.9,12.8,12.8,13.7,15,16
77045,21,22.1,27.7,28.8,29.6,28.3
77046,3.1,3.8,4.8,7.8,5.3,3.5
77047,22.5,19.9,18.1,14.9,13.6,13.1
77048,21.3,21.5,22.6,21.6,24.3,26.2
77049,12.7,15.5,15,16.2,17.4,17.2
77050,13.6,17.7,12.6,21.9,21.1,18.5
77051,35,34.5,37.4,37.9,36.6,33.2
77053,24.6,22.3,19.6,20.6,19.3,18.3
77054,20.9,22.6,22.1,24.3,25.2,24.3
77055,22.8,23.8,25,27.6,27.3,27.8
77056,5.3,5,4.3,5.2,4.5,5.1
77057,16,17.2,18.4,19.2,19.5,21.5
77058,18.3,19.3,18.6,19.4,16.1,15.1
77059,3.3,2.6,2,1.7,1.3,1.1
77060,37.1,40.3,42.3,41.4,39.4,38
77061,21.8,22.9,26.2,27.6,29.2,29.2
77062,8.1,10.1,8.9,8.2,7.7,5.4
77063,22.9,20.5,22.5,21.8,19.3,18.4
77064,12.2,11.2,11.8,10.9,11,10.2
77065,11,9.9,12,11.2,12.3,11.2
77066,12.2,12.5,14,14.6,13,13.5
77067,24.7,24.9,23.5,26.7,30.2,28.1
77068,8.2,9.8,9.6,7.4,11.7,10.8
77069,5.6,4.9,6.6,9.3,9,9.1
77070,11.8,10.4,9.1,9.7,8.7,7.4
77071,15.7,17.4,18.1,19.8,17.9,15.8
77072,24.7,26.7,27.2,27.5,25.8,24.9
77073,14.9,15.7,14.9,16.6,18.5,17.5
77074,31.9,33.7,32.5,31.9,28.7,30
77075,18.5,18.9,18.6,18,20.3,17.7
77076,33.7,36.2,38.3,37.7,39,33.1
77077,10.4,10.8,10.7,10.6,11.7,11.2
77078,21.9,27.9,31.7,35.5,33.8,35.2
77079,8,8.1,8.1,6.3,5.4,5.6
77080,25.1,26,28.2,29.1,28.7,27.2
77081,39.4,38.5,40.5,40.7,38.6,36.1
77082,12.4,14.1,13.1,13.2,15.3,14.1
77083,14.9,16.2,15.6,16.3,15.8,14.9
77084,11.8,11.4,11.8,12.3,13.4,12
77085,12.7,12.6,11.2,12.9,14.2,13.5
77086,25.3,25.1,27.2,25.4,26.6,25.5
77087,27.8,29.3,31.5,29,26.8,23.3
77088,21,21.6,23.4,23.8,23.7,22.2
77089,11.2,11.1,9.6,11.4,12.5,12.1
77090,23.2,22.3,21.6,20.9,22.5,23.3
77091,28.5,30.6,32,33.1,34.1,33.3
77092,26.5,29.7,30.7,27,28.4,28.3
77093,36.6,34.7,34.2,33.2,34.1,32.7
77094,4.7,3.4,2.6,3.5,2.1,3.3
77095,9.2,9.5,9.8,9.4,8.1,5.2
77096,15.8,15.5,15.1,15.6,14.3,13.9
77098,8.5,8.8,8.7,8.3,9.3,10.5
77099,23.3,23.8,24.2,24.3,26,24.7
77201,-,-,-,-,-,-
77301,18.8,22.9,28,29.5,32,31.6
77302,14.7,10.1,14.6,14.2,12.6,14.7
77303,12,15.7,15.7,15.3,17.3,18.3
77304,10.5,11.5,10.2,9.9,11.8,10.6
77306,21.1,31,29.2,32.5,24.7,26.5
77316,7.8,7.7,10,11.1,8.3,9.2
77318,6.9,6.7,6.7,7.1,11.1,10.3
77320,19.3,18.6,22.3,21.7,22.9,18.2
77326,0,0,0,0,0,-
77327,21.9,24,23.3,22.4,22.1,21.7
77328,14.1,15.8,17.3,16.7,18.5,15.6
77331,16.3,17.2,16.7,16.7,16.9,15.9
77334,6.3,9.3,0,0,11.2,9.1
77335,8.1,16.7,24,32.1,34.5,27.3
77336,8.8,8.2,6.3,9.7,9.7,9.8
77338,14.7,15.2,15.2,16.1,16.2,14.9
77339,8.4,8.9,9.7,9.3,10.1,7.9
77340,30.3,30.2,29.2,30,31.1,28.9
77342,-,-,-,-,-,-
77345,3.2,3.5,3.2,3.7,3,2.6
77346,6.6,5.5,6.1,6.1,4.4,4.9
77350,10.4,38.7,35.7,25,26.4,35.4
77351,19,16.9,15.4,15.5,17.1,15.9
77354,12.7,12.1,12.3,13.4,12.5,12
77355,7.6,7.4,9.5,11.5,12.1,11.7
77356,7.3,7.4,6.6,6.1,7.5,6.7
77357,22.1,21.5,23,20.7,18.2,14.8
77358,16.4,18.6,24.6,15.7,14,12.8
77359,50.7,19,5,5.8,6.5,9.8
77360,19.8,21.6,22.2,24.4,29.7,32.1
77362,20,26.5,21.1,17.5,16.3,16.1
77363,8.5,8.6,17.7,20.4,23.8,20.2
77364,15.3,14.8,15,19.3,20.5,19.9
77365,12.1,15.5,19.6,18.9,18.9,17.8
77367,16.2,14.4,31.3,25,26.4,24.3
77368,0,0,0,0,0,0
77369,42.1,34.6,41.8,43.7,35.3,20.8
77371,22.1,22.5,31.4,31.1,28.8,23.1
77372,20,20.5,20.3,19.4,17.8,13.6
77373,12.2,12.7,11.2,10.2,9.6,9.2
77374,13.8,0,12,7.7,7.5,11.5
77375,10.1,11.7,11.8,14.2,11.7,11.3
77376,11.6,12.8,8.6,2.1,19.7,13
77377,6.7,9.8,9.8,11.8,11.3,7.6
77378,20.1,19.5,14.3,17.3,19.7,21.9
77379,4,4.4,5.7,4.8,4.3,4.9
77380,11.4,9.3,10.1,11.7,10.1,9.4
77381,4.1,4.1,5.2,5,4.8,5.1
77382,2.4,3.1,3.6,3.9,4.9,4.6
77384,4.2,4,2.9,2.8,3.5,3.9
77385,8,8.9,9.1,7.7,7.7,6.9
77386,3.6,3.2,4.2,5.1,5.8,7
77388,5.3,6.1,5.1,4.9,4.2,3.6
77389,4.9,5.7,4.7,5.2,8.3,7.3
77396,12.7,12.6,14.1,13.3,13.6,13.5
77401,2,1.9,1.9,2.9,2.8,2.8
77406,3.9,4.8,3.9,3.8,3.2,3.8
77407,6.4,6.9,7.5,8.6,6.7,6.7
77412,0,16,23.9,30.9,33.9,33.3
77414,21,23.7,22.4,22.3,22.4,20.9
77415,0,0,0,0,0,0
77417,22.3,21,12.3,16.6,17.3,15.7
77418,10.6,14.6,12.9,11.7,12.1,13.2
77419,15.6,35.1,29.3,31,29.3,45.5
77420,8.2,7.2,8.9,12.4,18.8,18.7
77422,13.7,14.4,14.4,16,15.3,12.8
77423,14.5,18,18.8,25,25.4,23.5
77426,14.6,10.6,2.4,3.8,5.1,9.7
77428,-,-,-,-,-,-
77429,4.6,4.2,4.4,4.5,4.1,3.5
77430,10.7,8.7,11.1,10.8,16.1,10.3
77432,17,0,0,0,0,0
77433,4.4,4.8,5.5,6.1,5.9,5.4
77434,17.6,23.9,23.7,27.6,23.8,25.5
77435,14.7,13.6,12.8,16.9,12.1,11.2
77436,0,0,-,-,-,-
77437,18.8,18.1,19.2,19.8,21.6,21
77440,0,-,-,-,-,-
77441,4.7,5.3,3.1,4.3,4.1,6.1
77442,12,18.7,17.1,14.4,13.6,11.4
77443,0,0,0,0,0,0
77444,21.6,26.9,33.5,36.4,28.3,25.6
77445,23.1,22.5,22.1,21,22.2,17.3
77446,61,50.3,51,48.3,41.9,37
77447,12.3,14.7,16.6,14.1,14.9,12.8
77448,20.7,20.7,13.2,11.3,32.1,29.9
77449,9.5,10.5,12.4,13.1,12.4,11.5
77450,4.6,4.9,5.2,5.5,5.7,5.9
77451,35.4,58.5,50,20,5.7,9.5
77453,38.8,23.1,28.2,31.9,21.5,15.7
77454,0,0,0,0,0,0
77455,8.8,7.3,8.9,7.6,8.6,7.6
77456,23.9,22.4,22.4,16.3,15.9,14.4
77457,18.6,14.6,18.5,36.4,28.5,25.6
77458,0,0,19.1,25,25.2,24.3
77459,3.3,3,3,3.6,3.9,4.5
77460,0,0,6.3,6.1,3.4,5.5
77461,5.7,9,9.6,10.8,11.3,11.8
77464,18,22.3,29,27.7,26,19
77465,14.7,12.2,17.4,18,20.7,16.5
77466,4.2,27.1,21.8,32.2,34.7,30.2
77467,0,65,74.3,73.7,58,67.1
77468,0,0,28.5,32.3,29.4,25.8
77469,9,9.7,10.5,10.4,11.7,12.6
77470,15.5,11.6,25.6,11.7,14.9,8
77471,17.5,18.5,21.7,21.8,20,19.7
77473,0,6.6,11.5,14.5,42.1,61.1
77474,15.6,15.2,11.4,9.6,10.1,7.7
77475,7.3,0,3.1,6.9,20.2,17.9
77476,10.8,10,7,7.6,4.5,2.6
77477,15.1,15,14.6,16.5,15.2,13.2
77478,6.7,6.5,7.4,6.7,6.4,6.8
77479,4.6,3.8,3.6,3.4,3,3.4
77480,17.9,18.9,19.5,14.9,12.8,9.9
77481,0,0,0,0,0,0
77482,32.6,21.6,21.8,17.9,8.2,0.8
77483,20.5,22.3,22.6,0,0,0
77484,12.6,13.1,12.1,11.4,11.3,9.5
77485,14,10.7,5.2,7.1,11.6,12.1
77486,10.4,13,14.5,14,13.4,18.4
77488,19.6,22,20.4,19.4,19.5,19.7
77489,9.6,10.1,9.7,10.2,9.4,10.1
77493,5.9,7.9,9.5,10.6,11.5,11.4
77494,3.9,2.8,2.2,2.4,2.8,2.4
77498,11.1,10.9,10.2,12.3,11.8,10.1
77502,21.1,20.3,20,22,22.7,21.1
77503,15.6,17.4,19.9,18.6,19.9,21.3
77504,25.9,24.3,22.5,24.8,23.8,18.3
77505,6.1,6.1,5.5,8.2,10.6,11
77506,27.2,29.3,31.2,33.9,33.4,33.3
77507,-,-,-,-,-,-
77510,9.5,10.2,8.3,7.4,8.3,9.4
77511,13.9,14.6,15.4,15.6,15.7,17.1
77514,18.2,18.5,20.4,16.4,10.5,10.5
77515,12.5,12.1,13.6,14.1,15.3,13.8
77517,4,7.6,6.8,7.5,13.3,14.5
77518,24.5,31.4,30,26.5,23,22.5
77519,4.9,12.1,8.7,13.7,12.6,10
77520,17.4,17,21,20.5,21.8,21.8
77521,15.4,15.5,17,18.6,17.9,16.9
77523,12.1,8.6,7.2,9.1,8,7
77530,15.4,18.8,21.9,25.5,25.9,26.2
77531,19,17.5,17.9,18.4,18,17.2
77532,14.2,14.3,13.1,12.8,11.8,10.1
77533,7.3,6,6,14.7,16.7,28.1
77534,4,3.5,3.7,3,3,2.9
77535,12.5,12.8,12.5,13.6,15.8,14.3
77536,10.2,8.7,8.3,8.6,7.5,7
77538,16.8,14.3,11.7,14.5,12.6,11.8
77539,14.2,13.6,13.1,14,13.7,12.8
77541,20.3,22,22.1,22,24.4,21.6
77545,9.4,9.9,9.7,7.6,8.5,6.3
77546,5.1,5.3,4.7,4.4,4.5,4.3
77547,27.9,23.1,22.8,21.6,19.9,22.4
77550,31,29.8,30.8,30.1,31.8,30.5
77551,17.1,18,20.8,19.2,16.1,16.7
77554,6.9,8.3,9.1,10.5,9.7,9.6
77560,17.1,26.4,20.2,22.6,28.7,28.6
77561,11.7,8.9,9.2,11.5,38.1,36
77562,13.6,14.5,14.1,12.7,12.1,11.9
77563,21.1,20.3,18.2,20,19.8,16.9
77564,2.7,3.6,3,15.7,16.2,18.7
77565,3.5,3.8,4.2,4.5,4.2,5.2
77566,8.4,7.9,8,7.7,7.1,6.2
77568,17.1,16.8,19.8,19.3,20.3,20.4
77571,9.7,9.8,10.4,10.5,10.3,10.7
77573,6.9,5.8,6,5.3,5.5,5
77575,13.4,15.9,19.3,19.5,17,14.4
77577,14.6,11,10.6,10.7,11.6,13
77578,4.4,5.9,6.4,7.1,6.5,5.8
77580,0,0,0,0,0,0
77581,6.1,6.7,6.3,6.5,5.7,5.6
77583,14.5,16.4,18.7,16.7,17.6,18.6
77584,5.3,5.6,6.3,6.3,5.9,5.1
77585,14.8,11.4,12.5,15,20.9,25.5
77586,7.4,8.2,7,7.1,6.5,7
77587,24.9,24.5,25.1,27.1,31.4,27.2
77590,24.7,21.2,21,19.9,17.9,19
77591,16.4,22.2,21.8,20.8,19,16.4
77597,32,34.6,17,7.5,5.2,1.3
77598,14.2,12,12.5,14.4,14.7,14.5
77611,8.5,10.5,14.1,13,13,11.7
77612,8.4,10.5,8.7,10.7,10.4,12
77613,4.7,8.7,12.8,11.3,12.5,14.3
77614,9.5,5,3.4,4,5.3,4.8
77615,1.2,2.2,2.6,5.9,12,10.6
77616,13.1,10.8,13.6,17.2,14.5,26.5
77617,14.1,13.3,10.3,10.1,7.1,16.1
77619,12.7,13.2,13.3,14.5,14.4,11.4
77622,13.8,13.9,10.2,9.3,9.1,2.9
77623,15.4,13.1,17.1,15.3,8.4,5.2
77624,10.8,11,23.9,12.7,15.1,17.7
77625,9.7,9.6,14.4,16.8,19.2,23.3
77627,6.9,8.6,7.9,8.7,8.9,8.1
77629,4.3,13.2,13.8,18.5,20.3,20.4
77630,16.5,17.8,18.9,19.1,18,18.8
77632,14,14.8,14.1,12.3,12.2,12.3
77640,28.3,29.6,28.5,30.7,32.7,26.5
77642,31.9,29.3,26.9,30.4,29.2,25.6
77650,15.6,10.8,5.2,0.8,25,26.7
77651,10.9,13.6,12.5,10.8,10.4,11.7
77655,11.2,21.7,20,21.8,23.9,18.3
77656,18.4,18.8,18.4,16.6,12.3,13.4
77657,8.5,7.1,7.4,6.9,6.5,7.3
77659,5.9,5.9,4.1,5.3,6.3,5.9
77660,4,4.5,10.3,11.6,15.4,15.5
77661,5.4,0,0,0,0,7
77662,14.4,15.9,14.8,13.8,14.1,14.1
77663,29.5,29.1,26.1,23.8,9.9,5.4
77664,10.9,10.3,13.1,15.6,19.4,19.5
77665,14,16.2,17,12.7,14.1,9.5
77701,27.7,30.8,32.2,31.4,30,31.8
77702,17.9,24.2,23.6,28.3,22,23.3
77703,32.4,30,33.5,35.3,36.4,37.4
77705,25,27,27.1,27.9,27,26.3
77706,9.5,9.7,10.1,11.7,11.7,10.1
77707,14.9,15.3,15.1,14.8,13.6,12.7
77708,17.3,19.8,22.2,23.2,19.6,20.6
77713,9.7,9.4,9.3,10.3,11.1,5.2
77801,41.7,42.1,43.9,46.7,44,45.2
77802,12.1,10.9,8.9,13.6,16.2,16.5
77803,25.4,27.1,28,28.6,30.7,28.2
77807,20.2,23,24.6,24.4,28.4,22.3
77808,10,8.5,8.8,13,12.1,14.5
77830,3.6,13.3,13.8,14.8,14.6,15.1
77831,22.2,25.4,23.3,27.1,25.8,15.5
77833,14.2,15.7,14.8,16.1,16.1,15.9
77835,2.6,3.6,2.8,2.4,6.4,7.3
77836,13.2,13.2,15.8,14.7,13.7,14.4
77837,29.4,25.4,36.9,36.4,29.8,30.1
77840,49.4,51.5,52.9,54.3,54.1,55.7
77845,12.6,12.9,14.4,13.5,14,14.7
77853,9.7,8.9,11.9,7.5,5.9,9.6
77855,0,0,0,0,0,0
77856,12.4,12.1,13.5,13.9,14.7,12.8
77857,15.5,5.4,4.2,10.8,9.7,10.5
77859,14.2,14.6,16.5,22.4,24.4,26.1
77861,12.4,15.1,9.1,8.4,10.6,10.1
77864,17.1,18.7,23,28.5,29.7,25.1
77865,7.6,16.8,12.7,9.6,9.5,8.3
77867,14,15.5,14.1,16.2,12.6,2.4
77868,23.2,23.6,23.2,21.8,21.1,15.8
77871,12.1,12.3,13.5,12.5,20.9,20.5
77872,11.8,8.7,11.7,9.4,8.1,7
77873,16.6,17.6,7.2,7,5.6,4.7
77876,0,0,9.5,17.1,29.9,85.1
77878,36.1,22.6,23.5,18.5,18.3,16
77879,17.8,13.4,16.6,19.4,18.7,15.3
77880,15.5,13.8,13.8,10.7,18,12.6
77901,21.3,20.2,22.5,24.3,23.7,23.3
77904,8.7,8.1,8.8,9.8,8.4,8.2
77905,7.9,9.3,11.1,10.6,11.6,13.7
77950,12.2,11.9,4.3,7.3,6.3,13.2
77951,14.8,16.7,19.6,28.5,25.1,19.7
77954,17.4,16.4,16.5,15.4,14,15.3
77957,14.7,14.4,13.5,14.7,15.5,15.5
77960,0,0,0,0,0,-
77961,0,0,0,0,0,0
77962,16.6,16.6,17,17.5,11.9,11.3
77963,16.1,15.3,17.3,15.9,14.8,14.6
77964,12,11.2,10.6,11.4,7.4,9.4
77968,11.7,14.3,13.3,13,11.3,6.6
77969,0,0,0,0,0,0
77970,9,8.4,2.9,0.9,2.4,11.7
77971,15.2,8.7,4.5,4.7,0,0
77973,-,0,0,0,0,0
77974,10.7,9.2,9.3,14.1,17.4,21
77975,11.9,12.7,11,11.3,7.5,5.6
77976,5.6,3.2,2.6,0,0,0
77977,12.9,28.1,28.3,29.7,33.3,43
77978,10.7,7.5,9.1,5.8,5.4,4.5
77979,15.4,18,19.4,21,19.2,18.7
77982,9.5,8.3,7.8,5.4,7.5,7.2
77983,24,26.6,26.2,22.3,16.4,17.8
77984,8.6,9,7.8,8.5,7.9,6.3
77987,3.4,5.1,4.8,1.5,1.4,3.9
77988,15.2,31.5,30,30.1,21.1,17.5
77990,32.5,33.9,32.1,33.6,24.7,18.2
77991,4.6,0,0,0,0,0
77993,30.1,29,21.6,0,19.1,10.4
77994,22.4,21.8,11.9,5.6,3,33
77995,10,12,10.1,10.1,9.7,11.6
78001,-,-,-,-,-,-
78002,21.3,24.8,19.7,20,18.1,16.4
78003,19.9,19.5,12,14.2,16.2,17.2
78004,7.6,5.1,8.6,1.2,0,0
78005,16.3,25.4,22.8,28.4,20.9,5.5
78006,5.5,5.4,6.2,6.8,7.2,6.2
78007,4.8,9.4,8.5,0,0,0
78008,11.4,9.6,0,0,0,0
78009,15.8,14.4,13.2,12.8,11.7,9.7
78010,22,22.4,27.7,33.9,31.6,27
78011,20.7,25.7,25.4,25.4,26,24.9
78012,22.9,23.1,17.4,16.8,16.7,5.3
78013,11.4,14.5,21.1,28.5,25.4,22.1
78014,9.7,16.4,17.6,18.6,22.8,24.1
78015,2.1,1.9,1.8,1.9,1.5,2
78016,16.7,18.2,16.8,17.8,21,27.2
78017,22.8,23.8,26.9,26.9,25.2,20.9
78019,3.9,4.2,10.4,10.8,19.9,22.8
78021,1.5,1.8,1.8,0,0,0
78022,12.3,12,12.9,13.7,15.7,11.8
78023,3.6,3.2,2.2,2.2,3.2,3.3
78024,6.8,9.4,8.4,10,10.7,10.1
78025,16,14.3,11.6,11,12.6,10.4
78026,12.1,10.5,8.4,7.2,9.6,8.8
78027,0,0,0,0,6.1,11.2
78028,13,16.9,15.9,15.7,14.2,13.7
78029,-,-,-,-,-,-
78039,8.1,7.2,4.8,9.3,8.1,9
78040,47.2,47.1,49.9,50,49.3,48.2
78041,29.4,31.5,30.7,30.3,29.8,28.8
78043,35.7,37.5,38.9,38.8,37.8,38.1
78044,41.2,44.3,63.7,52,53.3,0
78045,12.4,12.7,11.4,12.7,11.8,10.9
78046,38.3,37.7,35.1,35.3,34.4,33.3
78050,4.5,20.7,33.6,34.5,32.9,35
78052,12.7,16,13.7,15.8,15,14.1
78055,23.5,21.9,24.4,24,21.8,20.6
78056,2.9,3.2,3.2,6.4,5.3,4
78057,32.1,36.3,38.8,35.4,23.3,20.7
78058,5.4,5.2,0.6,1.7,2,0.9
78059,11.4,12.6,11.5,10.4,16.2,15.7
78060,0,0,0,0,-,-
78061,18.3,19.2,19.8,19.4,24.8,25
78063,12.4,13.1,11.4,14,13.6,15.7
78064,12.9,13.5,16.7,15,13.5,16.7
78065,15.6,17,18,18.8,21.3,22
78066,17.8,0,0,0,0,0
78067,26.9,12.7,26,32.2,33.5,45.5
78069,24.8,25.2,23.4,23.1,24.6,23.1
78070,9.1,9.1,8.8,10.4,9.1,7.8
78071,13.6,16.6,20.3,21.4,20.7,19.9
78072,7.2,9,12.9,18.9,20.7,21
78073,23.9,22.8,19.2,22.6,20.6,19.4
78075,38,4.6,0,0,0,0
78076,34,34.7,37.1,36.9,34.9,33
78101,10.8,8.7,9.1,7.4,11.5,10
78102,21,21.6,22.1,24.2,23.5,24.2
78104,0,0,35.7,36.6,32.9,31.7
78107,49.7,53.3,59.1,55.5,35.7,24.7
78108,6.5,5.9,4.6,4.5,3.7,3.5
78109,9.6,11.2,11.3,12.2,11.4,10.9
78112,15.1,16.5,16.8,21.3,23.1,16.3
78113,8.5,8.2,9.6,7.3,9.3,10.9
78114,12,12.1,12.1,11.6,13.3,11.9
78116,12.7,14,6.3,4.2,3.4,1.5
78117,1.3,1.8,2.6,10.1,10.9,11.6
78118,23.2,24.9,27.3,25.8,18.7,17
78119,21.3,30.1,33.4,28.5,31.9,33.8
78121,4.8,5.8,6,7.6,9.1,7.4
78122,7.9,9.2,4.3,10,13,44.1
78123,8.1,6.7,5,5.5,5.9,7
78124,6.5,7.8,7.3,7,10.9,10.3
78125,0,0,0,0,0,0
78130,10.4,10.2,10,11.9,12.5,12.5
78132,5.6,5.5,3.5,6.8,6.7,6.8
78133,12.7,12.5,9.6,9.7,7,7.1
78140,21.2,20.3,21.5,23.7,22.5,21.3
78141,13.9,14.6,15.2,13.3,21.3,21
78142,11.8,13.8,15.6,19.8,17.1,51.5
78143,81.8,100,100,92.9,87.2,0
78144,0,0,11.1,16.7,50,50
78145,0,0,0,15,15.6,26.5
78146,12.3,14.5,14.4,16.7,19.1,14.7
78147,14.5,10.6,12.3,11.6,12.5,11.7
78148,8.9,8.3,10.5,10.5,10.5,11.2
78150,-,-,-,-,-,-
78151,19.2,21.2,16.9,16.6,22.3,16.1
78152,3.3,4.8,3.6,4,8.1,8.1
78154,7.2,6.9,7.7,7.6,7.2,6.4
78155,16.3,16.6,15.7,15.6,15.5,15.6
78159,10.5,10.4,16.9,20.4,23.5,20.6
78160,9.3,11.9,12.4,16.3,13.9,17
78161,23.7,24.6,19.2,15.2,4.4,7.8
78162,10.2,15.4,13.5,13.5,14.6,9.1
78163,6.6,7.5,12.5,12.7,11.7,12.1
78164,15.5,14.7,13.1,11.8,14.6,14.8
78201,23.6,22.9,21.7,22.1,20.3,22.4
78202,39.9,44.5,48.3,43.6,43.9,45.3
78203,28.4,37,36.5,43.9,41.7,44.1
78204,21.2,26.8,33.6,32.4,29.2,30.5
78205,20.5,29.3,28.4,36.1,35.8,46.6
78207,39.8,40.7,40.7,42.1,42,42.6
78208,34.1,35,30.7,29.1,35.9,37.8
78209,9.4,11.3,10.7,12.2,12.5,12.8
78210,25.4,28.2,26.2,28.5,29.8,27.4
78211,21.3,24,24.4,24.2,24,24.7
78212,18.9,19.1,20.1,20.5,20.4,20.3
78213,20.9,19.2,18.5,19.2,20.1,20.8
78214,28.1,31.9,32.9,34.3,34.8,31.3
78215,25.1,32.4,30.5,34.5,32.2,29.1
78216,16.1,16,16.5,16.1,14.9,16
78217,18,17.3,17.4,17.2,17.4,17.6
78218,20.9,20.8,19.8,20.4,20.5,21.9
78219,25.5,24.2,21.7,22.8,25.7,24.1
78220,30.6,31.9,27.7,28.8,27.3,26.3
78221,23.1,25,24,26,24.6,24
78222,17.9,17.3,22,24.1,23.5,26
78223,21.5,22.8,23.9,25.6,23.2,22.4
78224,18.6,19.1,20.7,20.3,18.5,19.3
78225,30,32.7,31.3,26.8,27.7,26.9
78226,31.6,32.1,33.3,32.8,31.1,33.3
78227,23.6,26.9,29,28.4,28.7,27.6
78228,26.3,28.3,29.3,30.6,30.8,28.9
78229,25.4,25.5,25.2,24.4,24.5,27.3
78230,13.7,14.7,15.3,14.3,13.6,11.8
78231,7.3,10.2,11,9.7,8.1,7.6
78232,6.6,6,6.5,7.1,6.8,7.5
78233,11.6,12.6,15.5,14.5,15.4,14.7
78234,9.1,7.8,7.3,7.4,5.7,6.3
78235,13,1.1,13.2,16.3,5.8,17.6
78236,9.8,9.7,13.4,12.7,15.4,11.8
78237,31.4,31.7,34.1,32.9,32.5,34
78238,13.4,13.4,13.2,14.2,14.7,16.3
78239,12.3,12.2,12.6,13.6,14.7,14.6
78240,13.5,14.4,14.9,15.9,15.6,16.2
78242,24.4,27.1,28.6,31.1,32,35.6
78243,-,-,-,-,-,-
78244,15,13.6,14.9,17.4,15.5,14.4
78245,13.7,13.9,14.9,15.6,12.6,13.8
78247,8.1,7.6,7,6.1,6.7,7.6
78248,3.1,3.3,2.8,3.8,4.3,3.7
78249,18.3,18.3,17.1,16.8,16,15.9
78250,9.8,10.4,9.6,8.7,8.6,9.2
78251,9,9.1,8.6,7.7,8,7.3
78252,10,8.5,8.3,7.2,6.9,9.1
78253,6.6,6.1,6.2,4.8,6.8,6.4
78254,6.8,7,7.2,5.8,5.8,5.2
78255,7,6.7,3.6,3.4,2.6,2.3
78256,18.9,23.4,22.2,23.3,20.1,20.2
78257,7.3,6.9,8.1,11.9,10,9.7
78258,3.7,3.7,3.9,3.9,4,4.3
78259,3.8,4.8,3.9,4.7,3.7,2.7
78260,4.8,5.4,4.6,5.3,5.3,3.6
78261,4.1,3.6,2.5,2.9,1.3,1.4
78263,5.6,6.4,3.8,1.2,0.9,1.9
78264,18.8,19.3,24.2,22.7,23.2,24.7
78266,2.3,3.2,2.1,3.6,3.8,4.4
78330,10.7,17,18.9,10,13,14.6
78332,22.8,20.7,22.5,20.4,21.8,20
78335,-,-,-,-,-,-
78336,19.7,19.3,18.3,21.5,22.2,19.4
78338,0,0,0,0,-,-
78339,13.2,19.7,18.3,15.6,16.3,14.6
78340,32.5,30,24.7,25.1,20.6,17.1
78341,21.3,17.7,18.1,19.5,19.7,16.2
78342,22.2,18.3,26.3,25.4,15.9,17.3
78343,20.1,19.4,14.3,11.1,11.6,11.1
78344,18.1,26,14.7,14.1,11.8,9.8
78349,22.8,21.7,22.8,23.8,5.6,2.2
78351,40.9,36,35,21.5,20.7,12.3
78352,0,0,13.6,24.8,18,22.4
78353,24.3,17.6,36.6,39.7,72.4,60.6
78355,40.8,35.1,39.4,35.1,34.3,36.4
78357,16.2,18.3,19.7,19.5,19.5,24
78358,11.4,10.4,10.4,9.2,19.4,25.2
78359,17.8,19.9,24,28.3,27.9,30.8
78361,25.5,20.6,17.5,15.7,13.9,12
78362,11.6,11.5,10.5,14.8,14.1,11.4
78363,24.6,24.7,27.1,26.2,25.1,25.8
78368,25,21.9,27.1,21.3,22,25.1
78369,56.7,55,54,30.7,19.3,27.3
78370,22.9,22.2,17.9,14.9,11.6,10.5
78371,34.5,27.7,14.1,14.2,3.1,3
78372,27.1,21.3,20.1,18.2,19.7,24.4
78373,9.7,9.3,10.3,11.8,10.9,12.6
78374,4.7,5.1,6.8,8.8,12.4,11.7
78375,30.6,28.4,21.8,27.2,23.5,23
78376,13.6,32,37.1,35.4,49.1,67.4
78377,12.9,15.2,18.8,20.6,19.5,19.1
78379,8.1,6.6,7.2,12.5,14.4,15.4
78380,24,22.2,25.6,22.1,25.2,26.2
78382,16.9,15.6,18.2,20.7,19.1,17.9
78383,10.5,11.3,15.8,11,13.7,16.9
78384,37.4,34.6,31.5,30.4,24.6,23.4
78385,29,27.4,32.9,29,36.6,33.3
78387,20.5,18.1,18.3,16.3,14.1,16.4
78389,20.5,21.6,22.1,27.9,16.8,19.7
78390,18.1,15.3,16.9,20.8,21.6,18.7
78391,8.8,15.5,18.6,20.4,19.3,16.1
78393,13.8,8.3,7.9,5.5,8.7,9.7
78401,35.1,36.1,34.7,38,40.5,39.9
78402,13.6,11.4,9.7,8.5,3.5,17.1
78404,23.4,23.6,24.4,24.5,22.9,23
78405,28.2,29.1,31.3,32.1,33.6,33.4
78406,8.8,10.6,14.5,12.4,20.2,26.4
78407,21.7,25,33.1,29.2,28.7,30.8
78408,22.2,22.9,22.3,23.8,31.1,37.8
78409,11.5,16.7,15.1,19.6,18.3,17.2
78410,11.7,12.8,12.5,11.6,13.3,14.1
78411,17.5,17.2,16.2,18.2,16.1,12.9
78412,22,22.2,22.5,21.9,20.7,19.3
78413,9.2,8.4,9.3,10.1,9.4,9.3
78414,5.6,6,5.9,5.3,5.6,6.9
78415,18.9,19.9,22.5,22,24,24.1
78416,23,22.8,26.9,26.3,25.4,25.7
78417,11.2,10.1,9.8,9,13.8,9.5
78418,12.7,13.7,14.1,14.8,16,15.5
78419,7.2,7,5.7,5.4,6,0
78501,30.3,32.4,33.2,34.4,33.9,33.5
78503,29.4,26.8,28.3,27.7,27.5,30.9
78504,18.4,18,16.8,16.8,17.2,16.6
78516,37,38.9,40.6,41.1,38.6,34.8
78520,32.6,34.4,34.6,39.5,38,37.7
78521,37.8,39.7,40.7,41.1,41.1,39.9
78526,23.4,25.1,25.1,25.6,27.2,27.9
78535,30.7,28.2,41.6,45.5,28.9,33.4
78536,23,17.7,17.5,26.2,20.3,27
78537,42.6,42.9,42,44.4,43.3,42.7
78538,38.3,43.2,45,45.5,45.6,43
78539,21,20.8,21.9,19.5,17.8,19.7
78541,31.6,30.3,32.6,34.4,34.4,35.2
78542,35,37.3,37.6,37.6,39.1,39.8
78543,31.7,37.2,35.6,39.2,38.8,39.8
78545,69.1,61.9,79.9,43.7,33.7,43.1
78548,25.4,18.8,20.9,33.8,21.4,26.6
78549,71.1,64.3,69.3,65.3,53.4,68.7
78550,32.6,33.7,33.5,32.3,32,31.9
78552,21.9,24.1,27.2,27.9,30.3,33.9
78557,30.3,27.9,30,30.3,27.4,27.1
78558,21.9,40.8,29.8,40.9,46.9,50.5
78559,24.4,23.4,28.8,29,29.2,30.4
78560,35.9,32.2,31.2,30.7,33.1,34.4
78561,36.4,40.6,50.1,63.2,80.2,66.5
78562,38.3,32.1,31.6,28.9,24.6,23.5
78563,31.1,30.1,12.6,9.3,9.9,11.2
78564,14.6,17.1,0,0,0,0
78565,0,9.2,28.6,34.3,90.3,76.7
78566,35,35.6,31.7,31,33.6,33.3
78567,22.5,27,24.5,22.6,31.6,43.5
78569,26.1,31.2,28.9,26.9,37,38.7
78570,37,41,43.5,45.5,47.4,48.3
78572,26.2,27.4,29.4,29.6,30.7,31.4
78573,33.5,35,37.6,35.6,33.9,34.3
78574,39.3,41.5,45.3,45.5,44.9,46.3
78575,15.1,16.6,23.7,28.3,29.2,31
78576,59.6,53.3,51.7,47,42,37.7
78577,29.3,31.3,34.1,35.5,36,36.3
78578,28.8,30,32.8,31.6,28.7,28.7
78579,24.6,27.2,43.7,47.5,51.5,51.6
78580,37.6,38,40.2,38.8,36.3,34.2
78582,29.4,32.8,32.7,36.1,36,38
78583,27.2,24.8,25.6,26.1,28.7,22.4
78584,48.1,49.9,46.5,46.6,48.5,46.2
78585,43.1,39.8,35.7,29.1,10.7,6.7
78586,35.3,38.4,37.2,38.1,36.1,36.6
78588,40.4,32,21.6,29.1,17.1,6.4
78589,30.3,33.3,32.2,30.7,31.1,32.7
78590,33,25.6,25.5,36,33.7,28.9
78591,3.9,2.6,12.2,10.1,16.4,26.4
78592,33.8,33.6,39.9,36.2,33.9,41.3
78593,38,38.2,43.1,51.3,50.6,47.2
78594,43.3,45.7,53.1,50.4,63.5,50.3
78595,44.6,39,36.6,36,39.1,43
78596,30.4,28.8,31.7,32.6,35.8,35.5
78597,10.8,18.8,26.4,22.8,23.3,20
78598,31.6,39.7,32.9,30.8,67.2,67.3
78602,12.3,11.7,11.6,13.1,12.9,9.7
78605,15.2,13.5,13,13.1,12.8,16.7
78606,12.5,12.1,10.9,12.6,10.9,11.2
78607,9.1,9.5,26.3,23.9,28.7,29.4
78608,0,4.9,5.2,6.1,10.6,12.7
78609,11.5,11.8,12.3,8.7,7.7,5.5
78610,7.4,9.1,10.5,12.4,9.8,8.4
78611,15.7,19.2,17,16.8,15.6,13.9
78612,13.6,13.9,15.4,18.1,20.6,16.7
78613,3.8,4.4,4.6,5.6,6,5.8
78614,10.6,9,13.4,12.6,20.1,47.5
78615,14.8,18,16.6,13.5,8.2,4.1
78616,16.7,19.5,22.6,23.3,24.9,22.3
78617,18.7,21,22.4,24.2,21.1,18.2
78618,5.9,4,2.9,1.9,7.4,15.7
78619,5.7,5.5,4,4.4,2.1,1.7
78620,9.1,9.5,9.4,8.9,6,5.5
78621,15.6,18.2,17.2,18.2,19.5,17.1
78622,7.5,27.5,25.9,23.9,30.3,23.7
78623,7.2,7.7,10.8,12.4,2.6,3.2
78624,13.3,11,11.7,13.7,11.7,8.7
78626,9.3,8.6,9,13.6,11.6,11.7
78628,6.9,7,8.1,7.7,6.7,5.6
78629,18.3,19.6,22.9,23.8,23.7,24.4
78631,6.9,9.7,7.5,9.4,10.3,10.1
78632,5.5,5.5,6.8,11.8,11.1,10
78633,4,3.6,3.8,3.7,3.1,2.8
78634,8,8.3,6.7,5.7,6.2,7.4
78635,0,0,0,0,0,0
78636,10.4,6.8,7.8,8.4,8.2,7.4
78638,12.9,15.4,21.9,18.6,21.5,22.6
78639,13.5,18.8,19.9,22.6,22.3,19
78640,10.4,10.2,10.7,11.2,12.5,13.2
78641,6.5,5.9,5.3,5.5,4.2,4.4
78642,5.4,7.2,8,9.2,9.9,8.3
78643,15.2,18.7,18.7,17.3,16.8,20.3
78644,10.2,10.9,14.1,16.3,15.2,18.9
78645,7,8.9,9.9,8.6,6.7,8.6
78648,22.1,20.9,15.3,12.9,11.7,14.6
78650,17,17.5,26.4,19.9,17.6,10.7
78652,6.8,5.1,5,5.7,4.2,3.6
78653,13.6,17.4,15.2,15.3,14.8,15.1
78654,10.5,9.5,16.5,17.7,17.7,17.3
78655,20,14.5,15,13.9,12.8,8.6
78656,26.5,23.1,24,14.2,23.2,20.8
78657,7.9,7.4,7.5,6.3,5.9,4.7
78659,8.5,5,5,4.5,12.4,13.4
78660,7.3,7.6,9,10.8,11.1,10.4
78661,7.1,7,6.8,6.9,4.2,6.9
78662,9.4,9.3,8.4,4.3,4.2,8.7
78663,11.7,15.2,9.2,6.3,4.5,7.7
78664,10.4,11.1,11.3,9.9,9.9,9.4
78665,5.8,6.9,5.9,6,3.8,3.9
78666,30.4,31.7,32.1,31.7,31.9,31.4
78669,5.6,8.6,8.7,8.9,8,7.4
78670,2.4,2.6,2.6,0.8,1.4,0
78671,17.4,18.7,12.3,9.9,21.9,16.9
78672,12.7,11.2,7.5,10.3,7.8,10
78675,0,0,0,0,0,0
78676,4.9,5.8,7.5,8.9,10.3,10.9
78677,15.6,15.2,3,3.4,2,25.9
78681,5.3,5.9,8.2,7.7,6.8,5.6
78701,13.4,9.4,11.4,14.3,15.7,20.1
78702,23.2,24.8,27.3,30.4,31.2,32.7
78703,6.5,7.3,6.9,7.8,8.2,10
78704,15.2,16.3,17.4,18.9,20,20.9
78705,63,64.9,66.4,66,66.7,66.2
78712,-,-,-,-,-,-
78717,3.8,2.6,2.2,2.5,2,2.6
78719,14.9,17.6,11,24.5,25.1,18.6
78721,27.7,29.2,31.3,33.5,33,31.8
78722,10.1,14,14.8,16.6,15.8,18.6
78723,23.2,26.9,30,29.7,28.5,28.6
78724,26.6,28.5,30.8,32.3,32.4,37.9
78725,18.1,21.1,18.6,18.3,16.7,15.2
78726,4.1,7.8,7.9,8.8,9.4,9
78727,6.2,6.2,7.3,9.9,9.4,10.9
78728,9.8,8.5,10.9,14.6,13.8,13.8
78729,6.5,6.3,7.8,7.7,7.3,7.5
78730,1.8,4,4.7,5.1,5,4.3
78731,9.3,8.9,9.2,9.1,9.9,8.9
78732,1.8,1.1,1.5,2.4,2.2,3.4
78733,1.8,2.2,2.2,3,3.3,2.7
78734,6.5,7.4,8.3,10.6,9.4,10.3
78735,9,8,6.8,8.2,5,6.2
78736,2.8,2.1,3.6,4.7,4.3,4
78737,2.1,2.7,3.2,3.6,3.1,2.6
78738,4.4,2.5,3.1,3.8,4.5,3
78739,2.2,2.3,2.4,1.4,1,1.3
78741,30.6,34.9,40.8,42.8,41.5,40.5
78742,22.3,26.6,21.5,28.1,50.9,37.3
78744,24.6,26.4,28.9,28.6,26.9,25.9
78745,12.4,13.4,13.7,16.1,17,15.9
78746,5,4.5,5.4,5.5,5.5,4.8
78747,5.1,6,8,9.1,12.4,17.2
78748,9.6,9.7,8.3,9.5,10,9
78749,4.8,5,5.9,5.5,6.3,6.4
78750,7.5,7.4,8.6,7.5,6.6,6.9
78751,19.5,21.2,23.8,24.6,25,26.1
78752,25.9,29.2,28.9,32.7,35.4,32
78753,20.7,24.4,25.5,28,27.1,26.4
78754,11.5,13.4,13.9,12.5,11.5,11.3
78756,5.9,9.9,10.7,11,11.3,9.2
78757,14.9,15.2,16.4,17.3,14.7,15.7
78758,20,22.7,23.6,23.7,24.2,24.1
78759,5.4,5.7,6.3,5.8,6.9,7.2
78801,17.9,21.7,19.6,23.6,26.7,27.9
78802,39.3,37.4,32.1,26.7,27.4,21.2
78827,42.3,36.7,37,37,41.2,35.8
78828,0,0,0,3.9,3.5,10.7
78829,62,50.3,45,23.5,28.1,26.1
78830,42,28.1,19.6,20.3,12.8,9
78832,10.6,20.5,17.8,25.4,25.7,29.7
78833,26.5,27.4,27.7,28.6,25.4,29.2
78834,27.8,21.2,16.5,18.1,24.5,27.4
78836,11.5,0,0,0,0,0
78837,40,30.1,47.4,51.3,50.8,43.5
78838,5.4,0,7.2,8.1,8.5,12.6
78839,34.1,35.1,32.9,34.3,36.4,39.9
78840,20.7,20.8,20.5,22.3,22,20.8
78843,0,0,0,0,-,-
78850,12.2,13.3,12.6,12.5,16.7,16.1
78851,60.6,48.4,55.6,46.2,29,0
78852,24.4,24.5,26.6,29.9,30.7,31.4
78860,75.4,48.8,35.6,24.3,31.4,20.3
78861,10.3,13.3,18.4,20,23.9,21
78870,24.6,21.3,27.8,33.1,24.9,31.2
78871,87,0,0,0,0,77.6
78872,29.5,28.5,28.9,28.4,32.1,27.8
78873,15.9,14.2,11.7,14.7,18.3,17.1
78877,30.2,34.8,35,28.3,16.9,16.4
78879,5.1,6.3,4.3,3.6,5,16.8
78880,8.1,8.5,12.1,17.2,20.4,20.4
78881,12.9,13.4,18.3,22.6,29.1,33.7
78883,18.5,16.9,21.3,20.1,27.2,14.2
78884,10.5,10.5,11.4,16.7,20.2,15
78885,0,4.3,5.6,6.6,4.7,5.6
78886,13.7,3.8,2.8,0,0,0
78931,0,0,0,0,0,0
78932,9.9,10.7,9.5,7.4,8.5,4.4
78933,7.2,7.3,6.9,4.9,4.8,2.6
78934,11.4,9.4,9.3,10.2,11.5,12.6
78935,13.4,8.6,8.4,23.4,22.6,27.2
78938,0,0,0,2.2,1.9,4
78940,12.1,12.3,12.1,6.3,5.7,4.7
78941,19.6,18.9,13.5,11.4,11.7,15.8
78942,16.4,17.6,17.5,20.7,16.9,18.6
78943,0,17.4,15.7,8.6,9.4,10.6
78944,16.9,11.2,9.8,8.3,9.6,4.2
78945,8.2,11.6,16,14.6,14.1,17.4
78946,13.1,13,7,6.8,7.4,9.1
78947,10.7,12.7,11.9,10.7,7.7,7.2
78948,5.2,7.3,7.7,10.4,11.1,11
78949,2,1.7,2.5,3.6,0,0
78950,12.9,24,23.5,25.4,17.7,14.6
78951,-,-,-,-,0,0
78953,6.4,11.1,7.9,8.8,12.4,3.7
78954,6.2,8.1,8.9,6.8,5.3,5.6
78956,10.5,10.4,11,10.5,12.6,16.5
78957,13.8,15.8,14.1,16.7,17,17
78959,11.6,8.8,13.2,17.8,18,20.2
78962,10.5,8.7,8.9,11.4,10.5,9.1
78963,0.4,3.2,8.4,9.9,9.8,7.2
79001,13.4,14.5,14.5,12.2,7.7,8
79003,9.5,6,3.7,3,0,0
79005,9.9,10.6,10.2,13.5,15.1,16.9
79007,18.9,20.1,20.1,19.6,19.1,16.5
79009,21.6,21.5,24.1,21.5,23.5,21
79010,25.4,24.5,6.8,17.7,20.4,27.2
79011,7.7,4.6,4.5,4.4,4.5,7.1
79012,0.4,0.4,0.3,1.6,1.2,0
79013,13.4,14.9,18.6,16.3,18,20
79014,8.7,11.7,12.2,13.1,11.6,19.1
79015,13.3,15.4,16.1,16.1,16.4,17.9
79016,-,-,-,-,-,-
79018,20.2,26.3,19.2,14.9,13.5,7.9
79019,7.7,9.8,6.9,11.1,12.3,15.5
79021,15.5,24.5,28,25.2,26,32.6
79022,12.5,12.4,12.3,14.4,13,8.7
79024,10.6,10.3,10.1,8.9,6.7,4.4
79025,0,0,0,0,0,0
79027,16.6,18,19.3,23.2,27.6,27.5
79029,18.8,19.2,21.3,20.1,15.7,14.7
79031,8,8.9,13.4,11.7,14.9,16.9
79032,8.3,15.6,11.8,26.7,19.5,42
79033,0,0,0,0,0,0
79034,9.5,14.7,13,12.8,9.3,12.6
79035,19.1,17.9,18.1,19.7,24.9,23.9
79036,8.2,7.8,7.1,9.4,8.8,7.8
79039,8,2.9,2.1,2.1,3.7,3.8
79040,8.6,11.7,10.6,10.8,9.4,8.1
79041,19.5,19.7,21.2,25.6,24.3,21.7
79042,17,21.7,22.3,25.9,21.3,17.3
79043,31,23,18,14.9,23.2,24.7
79044,19.8,18,15.1,16.3,18.4,16.8
79045,17.8,17,20.8,19.3,19.1,16.4
79046,17.5,10.4,4.2,4.8,1.8,1.5
79051,0,0,0,0,0,0
79052,11.2,11.5,7.9,9,9.4,10.5
79053,7.6,6,0,7.7,10.4,12.1
79054,10.7,7.1,10.6,7.2,6.9,7.1
79056,0,0,9.3,9.4,13.2,42.5
79057,10.2,10.7,12.8,13.3,17.6,15.6
79058,-,-,-,-,-,-
79059,4.2,2.2,1.6,2.2,3.3,7.9
79061,6.9,10.3,7.1,7.7,5.6,4.2
79062,0.4,3.8,12.7,10,9.8,16.5
79063,0.9,6.3,6.6,5.7,6.5,8.8
79064,17.3,24.2,22.4,27.3,24.7,21.7
79065,15.2,16.2,13.3,13.7,14.6,15.1
79068,5.6,6.8,8.9,6.6,7.5,6.4
79070,13,12.6,13.9,15.4,17.6,22.8
79072,20.7,21.6,23.8,24.8,22.4,21.1
79078,25.5,26.3,25.6,18.4,17.8,15.6
79079,26.2,21.8,20.1,15,15.5,14.6
79080,7.8,6.8,6.4,16.5,18.4,15.8
79081,23,23.8,18.1,20.6,19.3,21.2
79082,6.9,4.8,1.5,2.9,4.7,4.5
79083,20.1,13.5,11.6,8,7.8,6.7
79084,13.3,11.2,12.4,17.3,16.1,19.6
79085,0,0,0,0,0,0
79086,10.5,12.7,14.3,14.2,10.8,10.4
79087,10.7,10.2,16.5,17.5,29.3,29.2
79088,24,24.7,24.4,22.3,25.3,22
79091,0,5.1,5,6.7,8.4,13.4
79092,8.7,9.4,9.3,10.8,6.6,6.3
79093,16.9,16.1,0,0,0,0
79094,0,0,0,0,0,4.6
79095,16.2,20.4,23,23.3,21.7,26.8
79096,14,14.8,14.3,15.1,16.7,14.2
79097,1.3,2.4,5.2,7,6.5,8.7
79098,11.5,11.7,10.6,19.6,17.1,19.1
79101,23.1,24.1,27.2,24.4,31.8,33.4
79102,20.5,21,21,21,22.3,22.9
79103,17.6,18.6,17.7,17.9,18.6,20.2
79104,28.2,30.5,31.5,34.5,34.5,27.7
79105,-,-,-,-,-,-
79106,19.9,19.4,18,18.8,20.3,20.3
79107,28.6,28.1,30.5,30.9,30.1,30.7
79108,15.6,18.2,14.7,13.8,14.6,12.6
79109,9.1,9.8,10.2,10,10,9.5
79110,14.7,15.4,17.1,16.1,13.7,11.1
79111,14.9,15.5,10.4,13.2,9.1,7.7
79118,9.2,10.3,9.8,11.8,12.3,10.7
79119,6.1,6.2,3.3,3.2,2.9,3.4
79121,6.1,6.1,4,4.6,4.2,3.3
79124,4.9,4.7,5.1,6.4,7.9,6.8
79201,19.2,22.5,19.8,19.1,17.4,16.5
79220,30.1,29.4,16.9,4.6,5,5.7
79225,11.5,13,13,13.8,15.9,13.4
79226,15.1,14.9,18.3,15.8,16.2,13.7
79227,6,7.3,9.5,7.4,15,18.8
79229,7.3,7.9,13.7,9.2,10,7.9
79230,5.1,24.6,29.7,17.7,18.5,15.9
79231,100,100,-,0,0,0
79233,5.6,5.8,20,44.3,41.5,40
79234,0,0,0,0,0,18.5
79235,18.3,20.9,24.3,25.1,23.5,28.9
79236,0,0,4.6,5,3.3,5.3
79237,17.7,16.9,17.5,12.8,10.4,10.1
79239,22.5,8.7,5.5,0,0,0
79240,-,-,0,0,85.2,69.5
79241,16.9,21.4,19.9,19.3,15.3,14.8
79243,0,0,0,0,0,0
79244,9.4,11.2,11.5,10.1,18.5,19.5
79245,23.1,32.3,28.1,25.3,24.8,28
79247,3.8,6,15.9,30.4,33.3,18.6
79248,26.2,26.7,24.1,21.6,16.5,15
79250,14.6,16,23.7,24,25.5,22
79251,30.4,22.4,22.9,9.7,8.2,5.6
79252,14.2,15.9,15,26.4,29.3,25.4
79255,23.3,24.5,25.9,25.8,22.8,18
79256,23,28.9,29.9,27.1,21.2,16.5
79257,6.9,6.2,12.1,15.7,14.3,18.1
79258,0,93.9,100,100,100,100
79259,61.1,56.8,62.5,60.9,32.1,75.3
79261,18.6,19.8,27,21.3,20.4,22.5
79311,15.1,17,18.1,16.6,19,22.6
79312,18.9,20.1,21.3,21.9,25.9,23
79313,16.2,19.5,19.6,16,17.8,22.1
79314,40,23.5,25,26,31.9,31.5
79316,13.4,13.5,14.4,12,13.8,17
79322,27.4,26.8,31.7,26.6,27.8,27.1
79323,11.7,10.7,10.8,9.5,8.6,9.1
79324,0,0,0,0,0,0
79325,11.4,10.8,9.4,10.1,11.1,8.3
79326,15.7,16.3,100,-,-,-
79329,9.9,8.3,8.1,8.4,6.3,7.1
79330,0,0,0,0,0,0
79331,18.4,17.1,17.7,19.8,22.1,18.1
79336,15.2,15.5,14,15.3,15.9,17.4
79339,24.3,21.7,26.4,24.8,22.7,23.7
79342,6,4.8,5.9,14.3,16.6,18.7
79343,24,20.8,19,21,20.5,19.1
79344,31.9,52.3,49.1,0,0,0
79345,19.5,19.7,25.1,18.8,17.4,9.1
79346,24.9,20.1,21.1,16.3,16,15.5
79347,22.1,19.2,18.9,20.9,14.1,11.6
79350,18.8,19.5,18.5,14.1,11.3,8.7
79351,18.2,19.6,22.5,27.7,28.6,34.8
79353,7.4,8.7,8.7,0,0,0
79355,10.2,12.8,13.5,13.3,17.3,17.7
79356,14.5,14.3,11.1,12.4,16,20.8
79357,11.5,13.3,17.7,22.7,29,34.7
79358,11.4,10.8,10,10.3,5.9,10.4
79359,19.8,20.7,18.6,25.8,22,19
79360,10.1,8.8,10,12.4,15.4,16.3
79363,10.5,10.9,9.2,10.1,13.5,17.9
79364,16.7,8.3,11.9,19,24.1,22.7
79366,2.4,2.4,2.2,6.3,5.9,5
79367,18.1,20.8,20.9,21.2,24.2,17
79369,16.7,14.4,19.5,11.9,0,0
79370,16.2,19.6,22.5,19.8,24.5,26.7
79371,19,21.1,24.3,25.7,22.3,20.1
79372,14.4,12.3,12.7,12.8,15.6,14.5
79373,21.6,20.3,17.9,15.6,19.9,18
79376,0,0,0,0,0,0
79377,3.5,2.5,3.4,4.4,4.3,6.7
79378,9,4.7,15.2,15.3,19.3,18.3
79379,22.4,17.2,15.7,12.1,8.4,5.6
79380,16.2,14,18.1,14.7,23.5,11.7
79381,13.7,21.6,20.4,17.3,20.5,14.8
79382,15.2,16.1,18.2,14,9.2,11.2
79401,54.7,58.1,59.1,62,61.8,64
79403,26.1,25.8,26.7,29.4,27.8,24.1
79404,30.6,31.7,32.9,29.7,26.4,20.8
79406,-,-,-,-,100,100
79407,14.1,14.9,15.8,17.9,20.4,20.5
79410,32.5,36.3,32.1,29.9,27.6,27.3
79411,25.3,34.4,32.1,45.4,48.2,43.2
79412,30.9,32.2,30.5,31.1,30.2,29.4
79413,18.8,18.2,17.4,17.6,15.1,14.3
79414,20,22.3,21.6,23.9,27.4,23.4
79415,31.7,31.9,32,31.7,30.3,33.6
79416,20.8,20.2,20.6,19.6,20,20.8
79423,8.4,9.7,8.5,8.4,9,9.5
79424,6,5.4,5.8,5.1,5.2,5.7
79501,17.1,14.3,16.4,14.2,14.9,13.3
79502,15.4,20.7,21.1,20.1,18.1,14.7
79503,16.9,9.7,11.6,15.7,33.9,20.1
79504,10,13.3,12,16.3,15.3,17
79505,20.7,22.8,20.8,27.8,16.8,14.8
79506,9.9,10.5,10.3,12.5,12.3,8.4
79508,5.2,10.4,10.3,9.5,10.7,14.4
79510,16.7,18.4,21.1,18.5,13.9,14
79511,5.9,8.9,7.6,8.7,8.4,10.9
79512,7.9,9,10.1,9.4,10.2,14
79517,3.8,16.1,13.4,20.5,15.2,12.5
79518,7.8,6.7,4.4,2.5,2.2,3.1
79519,0,0,2.9,3,2.3,2.7
79520,21.8,28.2,23.9,23.1,23.6,24.6
79521,20.1,22.1,20.8,23.7,21.6,21.8
79525,12.3,14.4,15.1,17.3,16.9,13
79526,2.9,3.3,8.8,12,12.6,10.7
79527,0,0,0,0,0,0
79528,19.1,12.7,10.2,12.5,10.2,7.2
79529,7.5,10.3,8.8,13.7,19.1,18.2
79530,10.5,10.8,14.5,9.3,8.7,6.5
79532,9.4,20.8,23.1,22.2,21.9,18.1
79533,18.2,8.8,4.2,3.1,5.2,3.5
79534,44.1,32.1,17.9,15.1,7.5,4.4
79535,3,10.3,17.6,11.1,9,19
79536,11.4,9.9,14.2,11.7,9.3,10.7
79537,0,0,33.3,25.3,15,15.5
79538,27.1,13.1,11.2,23.5,28.2,28.3
79539,18.3,37.7,32.3,23.3,21,13.3
79540,0,0,0,0,0,0
79541,5,5.2,5.1,4.4,0,0
79543,14.3,16.2,18.9,13.5,16.8,12.8
79544,21.6,17.3,19.4,15.7,17.8,11.8
79545,13.5,18.7,17,18.2,13.7,15
79546,23.8,27.5,21.9,18.6,20.6,20.6
79547,23.9,22,19.4,16.3,14.1,19
79548,9.8,8.2,16.1,9,15,17.4
79549,13.6,8.3,9.9,12.7,16.1,16.6
79553,17.8,20.3,22.4,26.3,24.8,21.3
79556,17,17.1,21.4,18.2,18.9,19.9
79560,23.4,18.7,8.8,0,0,0
79561,13.7,19.3,15.5,18,17.6,19.7
79562,4.1,3.5,3.4,3.6,3,1.2
79563,14.1,16.4,16.7,17.1,16.9,15.5
79565,2.2,3.3,4,5,4.1,3
79566,21.6,18.8,19,11.7,3.8,3.8
79567,17.5,18.1,19,19.6,18.2,20
79601,24.8,27.7,28.7,29.8,28.5,28.1
79602,12.8,14.3,16.2,19.4,17.4,17.8
79603,21.9,25,22.7,22.3,22.1,21.7
79605,15.6,16.4,15.1,16.9,16.7,17.1
79606,11.1,11,10.8,9.3,9.7,8.1
79607,11.3,13.9,14.4,15,8.2,4.6
79699,-,-,-,-,-,-
79701,15.9,15.6,16.8,18.7,19.6,18.2
79703,5.9,5.5,5.4,7.5,8.9,9.1
79705,10,8.8,9.7,10.2,9,8.3
79706,6.5,4.3,5.2,6.2,7.2,6.6
79707,5.2,4.4,5.8,6.7,7.1,7.1
79713,6.6,2.3,18.5,15.1,16.6,19.8
79714,11.9,10.7,12.3,11.4,12.5,15.1
79718,5.3,6.4,9.9,16,17.6,19
79719,24.6,23.4,28.6,29.4,33.6,27.3
79720,14,15,15.8,15.8,15.5,15.8
79730,10.9,11.4,12.9,15.8,23.2,22.8
79731,11,11.7,13.1,10.8,14.5,17.4
79733,29.8,26.6,27.3,25.4,3.9,2.1
79734,7,8,5.3,7,6.8,7.6
79735,12,10.1,12.5,16.6,18.4,19.5
79738,0,0,0,0,0,0
79739,14,5.4,2.9,4.1,4.3,3.3
79741,4.7,5.4,7.4,6.2,14.2,14.8
79742,18.8,20.6,25.2,37.2,29.4,27.6
79743,13.5,16.3,16.5,22.6,15.9,15.4
79744,8.3,5.4,7,2.7,1.9,1.1
79745,18,17.7,14,11.6,12.2,15.8
79748,5.1,11.8,13.3,16.2,13,3.7
79749,0,7.3,10.3,10.4,12.2,14.3
79752,21.4,24.8,26.2,23.2,20.1,19.1
79754,20.3,19,31.7,21.3,14.1,10.6
79755,18.6,16,12.1,6.7,7.7,0
79756,10.7,16.9,16.4,19.1,19.8,23
79758,1.9,3.3,6.8,6.9,19.7,15.9
79759,0,0,0,0,-,-
79761,14.8,16.4,16.1,18.8,20.2,20.6
79762,9.5,9.8,10.2,11.9,12.6,11.3
79763,14.2,12.4,14.4,15.8,17.5,17.9
79764,15.3,16,15.4,14.9,13.8,14.7
79765,5.3,5.1,5.8,5.8,5.2,5.5
79766,12.1,13.6,12.1,15,20.9,20.9
79770,0,0,0,0,-,-
79772,13.6,14.9,16.8,18.1,21.8,24.2
79777,0.4,0.5,0.9,1.4,0,0
79778,8.7,9,4.2,8.7,11.1,10.3
79780,22.9,24.4,22.6,29,23.3,25.3
79781,4.9,0,0,6.8,10.4,11.9
79782,7.8,11.8,14,14.8,15.9,14.1
79783,7.9,7.2,3.9,4.6,27,27.9
79785,29.8,38.9,42.7,44.1,38.3,28.3
79788,10.2,6.7,9.1,21.9,23.7,22.4
79789,17.7,15.1,13.9,13.4,15.5,13
79821,24,24.3,28.4,28.3,30.9,33.7
79830,10.8,10.8,13.2,12.9,11.7,11.6
79831,0,0,0,0,0,0
79834,4.7,6.8,5.3,9.2,7.8,4.9
79835,39.1,37.1,34.5,36.7,31.7,33
79836,22.4,21.4,26.9,25.5,26.3,30
79837,54.8,52.7,51.1,38.5,25.7,7.5
79838,37.2,48.2,48.9,52.3,50.8,54
79839,40.4,41.7,45,47.8,51.4,54.1
79842,2.3,2.9,3,2.3,7.3,13.5
79843,18.4,16.4,11.5,13,10.1,8.7
79845,28.8,27.1,25.6,25.4,32.1,32.3
79846,100,100,73.1,22.6,23.3,8
79847,9,11.1,8.2,25,14.3,11.8
79848,15.6,24.7,19.7,16.5,9.4,16.9
79849,37.1,40.6,48,45.8,45.7,48.1
79851,23.2,27.1,25.3,37.5,40.3,34.6
79852,20.6,23.1,25.9,22,23.6,24.2
79853,41.4,39.8,41.5,43,43.1,43.4
79854,0,7.6,10.5,7.3,12.2,16.3
79855,30,23.9,29.9,29.4,25.5,27.1
79901,60,62.8,60.1,61,58.8,64.1
79902,24.9,30.3,28,29.7,31.5,32.4
79903,25.2,26.6,24.1,27.9,29,30.4
79904,29,28.9,28.1,26.8,28.7,29
79905,41.4,40.3,38.3,43.6,43.4,42.2
79906,13.9,13.4,17.1,17.2,16.2,15.7
79907,29.2,30.5,32,31.3,33.1,34.4
79908,2.8,1.4,3.1,3.1,2.1,4.4
79911,1.9,2.1,1.7,5.9,5.4,4.5
79912,16.3,16.7,15.3,14.3,13.9,13.7
79915,28.1,28.7,28.6,29.4,31.2,30.9
79916,0,0,0,68.3,55,69.5
79920,-,-,-,-,-,-
79922,13.7,14,13.6,10.9,11.2,8.3
79924,22.6,22.4,22.6,21.4,19.3,21.3
79925,13.5,14.9,13.7,15.2,15.7,16.5
79927,29.4,29.5,30.7,31.7,30.6,26.9
79928,20.8,21.6,20.5,21.9,22.8,22.9
79930,25.7,24.4,28.2,30.2,29.9,30.2
79932,17.1,16.4,16.1,18.6,19.3,22.4
79934,6.8,8.4,7.9,8,7.1,7.8
79935,16.6,21.2,22.7,24.7,23.6,24.4
79936,14.3,13.9,14.5,14.1,13.2,14.2
79938,16.7,17.2,19.1,19.9,19.2,19.8
79942,0,0,0,-,-,-
88063,40.2,40.7,39.8,41.7,44.3,47.4
88081,45.6,46.1,12,12.6,11.2,11.6
88220,13.4,12.9,0,0,18,36.9
88260,13.8,14.7,,,,
88263,6.7,8.4,,,,
88410,0,0,,,,
88415,16.7,20.6,,,,
88430,0,0,,,,
